{
 "_liked_by": "[\"Administrator\"]",
 "absolute_value": 0,
 "align_labels_right": 0,
 "creation": "2024-08-10 15:49:28.356930",
 "css": "html, body {\n    height: 100%;\n    margin: 0;\n}\n\n.container {\n    display: flex;\n    flex-direction: column;\n    min-height: 100vh;\n    box-sizing: border-box;\n}\n.footer {\n   position: fixed;\n   left: 0;\n   bottom: 0;\n   width: 100%;\n   background-color: red;\n   color: white;\n   text-align: center;\n}\nh2 {\n    text-align: center;\n    font-weight: bold !important;\n    margin-bottom: 20px !important;\n}\n\n.print-format {\n    padding: 0.30in !important;\n    font-size: 15px !important;\n}\n\n.print-format td, .print-format th {\n    padding: 5px !important;\n}\n\nth, td {\n    border: 1px solid black !important;\n    text-align: left;\n    word-wrap: break-word;\n}\n\nth {\n    color: black !important;\n    font-weight: bold !important;\n}\n\ntd {\n    width: 50%;\n}\n\ntable {\n    width: 100%;\n    border-collapse: collapse;\n    margin: 1rem 0px;\n    font-size: 15px !important;\n    table-layout: fixed;\n}\n.name {\n    margin-bottom: 5px !important;\n}\n\n.signatures {\n    padding: 20px 0;\n    position: fixed;    \n       bottom: 0px; \n       width: 100%;\n}\ndiv.relative {\n  position: relative;\n  width: 400px;\n  height: 200px;\n  border: 3px solid #73AD21;\n} \n\ndiv.absolute {\n  position: absolute;\n  top: 80px;\n  right: 0;\n  width: 200px;\n  height: 100px;\n  border: 3px solid #73AD21;\n}\n.signatures .first {\n    margin-bottom: 100px; \n}\n",
 "custom_format": 1,
 "default_print_language": "en",
 "disabled": 0,
 "doc_type": "Training Event",
 "docstatus": 0,
 "doctype": "Print Format",
 "font_size": 14,
 "html": "<!DOCTYPE html>\n<html lang=\"en\">\n<head>\n    <meta charset=\"UTF-8\">\n    <meta name=\"viewport\" content=\"width=device-width, initial-scale=1.0\">\n    <title>Training Programme</title>\n    <link rel=\"stylesheet\" href=\"styles.css\">\n</head>\n<body>\n    <div class=\"container\">\n        <h2>Training Programme</h2>\n        <p class=\"name\"><b>Training Name:  </b>{{ doc.event_name or ''}}</p>\n        <p><b>Trainer/Faculty Name:  </b>{{ doc.trainer_name or ''}}</p>\n        <p><b>Company:  </b>{{ doc.company or ''}}</p>\n\n        <table>\n          <thead>\n            <tr>\n              <th style=\"width:8%;\">Sr No.</th>\n              <th style=\"width:20%;\">Name Of participant</th>\n              <th style=\"width:25%;\">Subject/Topic</th>\n              <th style=\"width:15%;\">Date</th>\n              <th style=\"width:30%;\">Signature Of Employee</th>\n            </tr>\n          </thead>\n          <tbody>\n            {% for item in doc.employees %}\n              <tr>\n                <td>{{ loop.index }}</td>\n                <td>{{ item.employee_name or \"\" }}</td>\n                <td>{{ doc.event_name or \"\" }}</td>\n                <td>\n                  {% if item.custom_attendance_date %}\n                    {{ frappe.utils.get_datetime(item.custom_attendance_date).strftime('%d-%m-%Y') }}\n                  {% else %}\n                    {{ '' }}\n                  {% endif %}\n                </td>\n                <td></td>\n              </tr>\n            {% endfor %}\n\n            {% set total_rows = doc.employees|length %}\n            {% set rows_to_add = 10 - total_rows %}\n            {% if rows_to_add > 0 %}\n              {% for i in range(rows_to_add) %}\n                <tr style=\"height: 25px;\">\n                  <td></td>\n                  <td></td>\n                  <td></td>\n                  <td></td>\n                  <td></td>\n                </tr>\n              {% endfor %}\n            {% endif %}\n          </tbody>\n        </table>\n\n        <section class=\"signatures\">\n            <div class=\"first\"><b>Signature Of Trainer/Faculty:</b></div>\n            <div><b>Signature Of Department In Charge:</b></div>\n        </section>\n        \n    </div>\n</body>\n</html>\n\n\n",
 "idx": 0,
 "line_breaks": 0,
 "margin_bottom": 15.0,
 "margin_left": 15.0,
 "margin_right": 15.0,
 "margin_top": 15.0,
 "modified": "2024-08-13 18:34:19.064670",
 "modified_by": "Administrator",
 "module": "Mumal HR",
 "name": "Training Programme",
 "owner": "Administrator",
 "page_number": "Hide",
 "print_format_builder": 0,
 "print_format_builder_beta": 0,
 "print_format_type": "Jinja",
 "raw_printing": 0,
 "show_section_headings": 0,
 "standard": "Yes"
}