{
 "_liked_by": "[\"Administrator\"]",
 "allow_comments": 1,
 "allow_delete": 0,
 "allow_edit": 0,
 "allow_incomplete": 0,
 "allow_multiple": 0,
 "allow_print": 0,
 "anonymous": 0,
 "apply_document_permissions": 0,
 "client_script": "frappe.web_form.on('resume_link', (field, value) => {\n    if (!frappe.utils.is_url(value)) {\n        frappe.msgprint(__('Resume link not valid'));\n    }\n});\n",
 "condition_json": "[]",
 "creation": "2016-09-10 02:53:16.598314",
 "doc_type": "Job Applicant",
 "docstatus": 0,
 "doctype": "Web Form",
 "idx": 0,
 "introduction_text": "",
 "is_standard": 1,
 "list_columns": [],
 "login_required": 0,
 "max_attachment_size": 0,
 "modified": "2024-07-18 13:14:59.045658",
 "modified_by": "Administrator",
 "module": "Mumal HR",
 "name": "job-application",
 "owner": "Administrator",
 "published": 1,
 "route": "job_application",
 "show_attachments": 0,
 "show_list": 0,
 "show_sidebar": 1,
 "success_message": "Thank you for applying.",
 "success_url": "/jobs",
 "title": "Job Application",
 "web_form_fields": [
  {
   "allow_read_on_all_link_options": 0,
   "fieldname": "job_title",
   "fieldtype": "Link",
   "hidden": 0,
   "label": "Job Opening",
   "max_length": 0,
   "max_value": 0,
   "options": "Job Opening",
   "read_only": 0,
   "reqd": 0,
   "show_in_filter": 0
  },
  {
   "allow_read_on_all_link_options": 0,
   "default": "Today",
   "fieldname": "custom_posting_date",
   "fieldtype": "Date",
   "hidden": 0,
   "label": "Posting Date",
   "max_length": 0,
   "max_value": 0,
   "options": "",
   "read_only": 0,
   "reqd": 0,
   "show_in_filter": 0
  },
  {
   "allow_read_on_all_link_options": 0,
   "fieldname": "applicant_name",
   "fieldtype": "Data",
   "hidden": 0,
   "label": "Applicant Name",
   "max_length": 0,
   "max_value": 0,
   "read_only": 0,
   "reqd": 1,
   "show_in_filter": 0
  },
  {
   "allow_read_on_all_link_options": 0,
   "fieldname": "email_id",
   "fieldtype": "Data",
   "hidden": 0,
   "label": "Email Address",
   "max_length": 0,
   "max_value": 0,
   "options": "Email",
   "read_only": 0,
   "reqd": 1,
   "show_in_filter": 0
  },
  {
   "allow_read_on_all_link_options": 0,
   "fieldname": "phone_number",
   "fieldtype": "Data",
   "hidden": 0,
   "label": "Phone Number",
   "max_length": 0,
   "max_value": 0,
   "options": "Phone",
   "read_only": 0,
   "reqd": 0,
   "show_in_filter": 0
  },
  {
   "allow_read_on_all_link_options": 0,
   "default": "India",
   "fieldname": "country",
   "fieldtype": "Link",
   "hidden": 0,
   "label": "Country of Residence",
   "max_length": 0,
   "max_value": 0,
   "options": "Country",
   "read_only": 0,
   "reqd": 0,
   "show_in_filter": 0
  },
  {
   "allow_read_on_all_link_options": 0,
   "fieldname": "resume_link",
   "fieldtype": "Data",
   "hidden": 0,
   "label": "Resume Link",
   "max_length": 0,
   "max_value": 0,
   "read_only": 0,
   "reqd": 0,
   "show_in_filter": 0
  },
  {
   "allow_read_on_all_link_options": 0,
   "fieldname": "resume_attachment",
   "fieldtype": "Attach",
   "hidden": 0,
   "label": "Resume Attachment",
   "max_length": 0,
   "max_value": 0,
   "read_only": 0,
   "reqd": 0,
   "show_in_filter": 0
  },
  {
   "allow_read_on_all_link_options": 0,
   "fieldname": "",
   "fieldtype": "Section Break",
   "hidden": 0,
   "label": "Expected Salary Range per month",
   "max_length": 0,
   "max_value": 0,
   "read_only": 0,
   "reqd": 1,
   "show_in_filter": 0
  },
  {
   "allow_read_on_all_link_options": 0,
   "default": "INR",
   "fieldname": "currency",
   "fieldtype": "Link",
   "hidden": 0,
   "label": "Currency",
   "max_length": 0,
   "max_value": 0,
   "options": "Currency",
   "read_only": 0,
   "reqd": 0,
   "show_in_filter": 0
  },
  {
   "allow_read_on_all_link_options": 0,
   "fieldname": "",
   "fieldtype": "Column Break",
   "hidden": 0,
   "max_length": 0,
   "max_value": 0,
   "read_only": 0,
   "reqd": 0,
   "show_in_filter": 0
  },
  {
   "allow_read_on_all_link_options": 0,
   "fieldname": "lower_range",
   "fieldtype": "Currency",
   "hidden": 0,
   "label": "Lower Range",
   "max_length": 0,
   "max_value": 0,
   "options": "currency",
   "read_only": 0,
   "reqd": 0,
   "show_in_filter": 0
  },
  {
   "allow_read_on_all_link_options": 0,
   "fieldname": "",
   "fieldtype": "Column Break",
   "hidden": 0,
   "max_length": 0,
   "max_value": 0,
   "read_only": 0,
   "reqd": 0,
   "show_in_filter": 0
  },
  {
   "allow_read_on_all_link_options": 0,
   "fieldname": "upper_range",
   "fieldtype": "Currency",
   "hidden": 0,
   "label": "Upper Range",
   "max_length": 0,
   "max_value": 0,
   "options": "currency",
   "read_only": 0,
   "reqd": 0,
   "show_in_filter": 0
  },
  {
   "allow_read_on_all_link_options": 0,
   "fieldname": "",
   "fieldtype": "Page Break",
   "hidden": 0,
   "label": "",
   "max_length": 0,
   "max_value": 0,
   "options": "",
   "read_only": 0,
   "reqd": 0,
   "show_in_filter": 0
  },
  {
   "allow_read_on_all_link_options": 0,
   "fieldname": "custom_qualifications",
   "fieldtype": "Data",
   "hidden": 0,
   "label": "Qualifications",
   "max_length": 0,
   "max_value": 0,
   "read_only": 0,
   "reqd": 0,
   "show_in_filter": 0
  },
  {
   "allow_read_on_all_link_options": 0,
   "fieldname": "custom_experience",
   "fieldtype": "Data",
   "hidden": 0,
   "label": "Total Experience",
   "max_length": 0,
   "max_value": 0,
   "read_only": 0,
   "reqd": 0,
   "show_in_filter": 0
  },
  {
   "allow_read_on_all_link_options": 0,
   "fieldname": "custom_current_salary",
   "fieldtype": "Currency",
   "hidden": 0,
   "label": "Current Salary",
   "max_length": 0,
   "max_value": 0,
   "read_only": 0,
   "reqd": 0,
   "show_in_filter": 0
  },
  {
   "allow_read_on_all_link_options": 0,
   "fieldname": "custom_designation",
   "fieldtype": "Data",
   "hidden": 0,
   "label": "Current Post",
   "max_length": 0,
   "max_value": 0,
   "read_only": 0,
   "reqd": 0,
   "show_in_filter": 0
  },
  {
   "allow_read_on_all_link_options": 0,
   "fieldname": "",
   "fieldtype": "Column Break",
   "hidden": 0,
   "label": "",
   "max_length": 0,
   "max_value": 0,
   "options": "",
   "read_only": 0,
   "reqd": 0,
   "show_in_filter": 0
  },
  {
   "allow_read_on_all_link_options": 0,
   "fieldname": "custom_name_of_present_organization",
   "fieldtype": "Data",
   "hidden": 0,
   "label": "Name of Present Organization",
   "max_length": 0,
   "max_value": 0,
   "read_only": 0,
   "reqd": 0,
   "show_in_filter": 0
  },
  {
   "allow_read_on_all_link_options": 0,
   "fieldname": "custom_working_since",
   "fieldtype": "Data",
   "hidden": 0,
   "label": "Working Since",
   "max_length": 0,
   "max_value": 0,
   "read_only": 0,
   "reqd": 0,
   "show_in_filter": 0
  },
  {
   "allow_read_on_all_link_options": 0,
   "fieldname": "custom_reason_of_leaving",
   "fieldtype": "Data",
   "hidden": 0,
   "label": "Reason of Leaving",
   "max_length": 0,
   "max_value": 0,
   "read_only": 0,
   "reqd": 0,
   "show_in_filter": 0
  },
  {
   "allow_read_on_all_link_options": 0,
   "fieldname": "custom_notice_period",
   "fieldtype": "Float",
   "hidden": 0,
   "label": "Notice Period",
   "max_length": 0,
   "max_value": 0,
   "read_only": 0,
   "reqd": 0,
   "show_in_filter": 0
  },
  {
   "allow_read_on_all_link_options": 0,
   "fieldname": "",
   "fieldtype": "Section Break",
   "hidden": 0,
   "label": "",
   "max_length": 0,
   "max_value": 0,
   "options": "",
   "read_only": 0,
   "reqd": 0,
   "show_in_filter": 0
  },
  {
   "allow_read_on_all_link_options": 0,
   "fieldname": "source",
   "fieldtype": "Link",
   "hidden": 0,
   "label": "Source",
   "max_length": 0,
   "max_value": 0,
   "options": "Job Applicant Source",
   "read_only": 0,
   "reqd": 0,
   "show_in_filter": 0
  },
  {
   "allow_read_on_all_link_options": 0,
   "fieldname": "",
   "fieldtype": "Column Break",
   "hidden": 0,
   "label": "",
   "max_length": 0,
   "max_value": 0,
   "options": "",
   "read_only": 0,
   "reqd": 0,
   "show_in_filter": 0
  },
  {
   "allow_read_on_all_link_options": 0,
   "fieldname": "custom_reference_by",
   "fieldtype": "Data",
   "hidden": 0,
   "label": "Referenced by",
   "max_length": 0,
   "max_value": 0,
   "read_only": 0,
   "reqd": 0,
   "show_in_filter": 0
  },
  {
   "allow_read_on_all_link_options": 0,
   "fieldname": "",
   "fieldtype": "Section Break",
   "hidden": 0,
   "label": "",
   "max_length": 0,
   "max_value": 0,
   "options": "",
   "read_only": 0,
   "reqd": 0,
   "show_in_filter": 0
  },
  {
   "allow_read_on_all_link_options": 0,
   "fieldname": "custom_any_other_critical_relevant_information",
   "fieldtype": "Small Text",
   "hidden": 0,
   "label": "Any other critical relevant information",
   "max_length": 0,
   "max_value": 0,
   "read_only": 0,
   "reqd": 0,
   "show_in_filter": 0
  },
  {
   "allow_read_on_all_link_options": 0,
   "fieldname": "",
   "fieldtype": "Page Break",
   "hidden": 0,
   "label": "",
   "max_length": 0,
   "max_value": 0,
   "options": "",
   "read_only": 0,
   "reqd": 0,
   "show_in_filter": 0
  },
  {
   "allow_read_on_all_link_options": 0,
   "fieldname": "custom_age",
   "fieldtype": "Int",
   "hidden": 0,
   "label": "Age",
   "max_length": 0,
   "max_value": 0,
   "read_only": 0,
   "reqd": 0,
   "show_in_filter": 0
  },
  {
   "allow_read_on_all_link_options": 0,
   "fieldname": "custom_current_address",
   "fieldtype": "Small Text",
   "hidden": 0,
   "label": "Current Address",
   "max_length": 0,
   "max_value": 0,
   "read_only": 0,
   "reqd": 0,
   "show_in_filter": 0
  },
  {
   "allow_read_on_all_link_options": 0,
   "fieldname": "",
   "fieldtype": "Column Break",
   "hidden": 0,
   "label": "",
   "max_length": 0,
   "max_value": 0,
   "options": "",
   "read_only": 0,
   "reqd": 0,
   "show_in_filter": 0
  },
  {
   "allow_read_on_all_link_options": 0,
   "fieldname": "custom_caste",
   "fieldtype": "Data",
   "hidden": 0,
   "label": "Caste",
   "max_length": 0,
   "max_value": 0,
   "read_only": 0,
   "reqd": 0,
   "show_in_filter": 0
  },
  {
   "allow_read_on_all_link_options": 0,
   "fieldname": "custom_category",
   "fieldtype": "Select",
   "hidden": 0,
   "label": "Category",
   "max_length": 0,
   "max_value": 0,
   "options": "General\nOBC\nSC\nST",
   "read_only": 0,
   "reqd": 0,
   "show_in_filter": 0
  },
  {
   "allow_read_on_all_link_options": 0,
   "fieldname": "custom_permanent_address",
   "fieldtype": "Small Text",
   "hidden": 0,
   "label": "Permanent Address",
   "max_length": 0,
   "max_value": 0,
   "read_only": 0,
   "reqd": 0,
   "show_in_filter": 0
  },
  {
   "allow_read_on_all_link_options": 0,
   "fieldname": "",
   "fieldtype": "Section Break",
   "hidden": 0,
   "label": "",
   "max_length": 0,
   "max_value": 0,
   "options": "",
   "read_only": 0,
   "reqd": 0,
   "show_in_filter": 0
  },
  {
   "allow_read_on_all_link_options": 0,
   "fieldname": "custom_family_members_details",
   "fieldtype": "Table",
   "hidden": 0,
   "label": "Family Members Details",
   "max_length": 0,
   "max_value": 0,
   "options": "Family Background",
   "read_only": 0,
   "reqd": 0,
   "show_in_filter": 0
  }
 ]
}