{
 "_liked_by": "[]",
 "absolute_value": 0,
 "align_labels_right": 0,
 "creation": "2024-08-10 15:49:28.175496",
 "css": ".print-format td, .print-format th {\n    font-size: 15px !important;\n    \n}",
 "custom_format": 1,
 "default_print_language": "en",
 "disabled": 0,
 "doc_type": "Job Requisition",
 "docstatus": 0,
 "doctype": "Print Format",
 "font_size": 14,
 "html": "{% set current_date = frappe.utils.nowdate() %}\n{% set formatted_date = frappe.utils.formatdate(current_date, \"dd-MM-yyyy\") %}\n\n<table style=\"width: 100%;\">\n    <thead>\n        <tr>\n            <td colspan=\"2\" style=\"text-align: center;\">\n                <h2><b>MANPOWER REQUISITION FORM</b></h2>\n            </td>\n        </tr>\n    </thead>\n    <br><br>\n    <tbody>\n        <tr>\n            <td style=\"text-align: left;\">\n               <b> Date: </b> {{ formatted_date }}\n            </td>\n            <td></td>\n        </tr>\n        <tr>\n            <td style=\"text-align: left;\">\n                <b> Department: </b> {{ doc.department }}\n            </td>\n            \n            <td style=\"text-align: left;\">\n                <b> Requested By: </b> {{ doc.requested_by_name }}\n            </td>\n        </tr>\n        <tr>\n            \n        \n    </tbody>\n</table>\n\n<br>\n<table>\n    <thead>\n        <tr>\n            <td style=\"border: 1px solid black; width: 360px; text-align: left; font-weight: bold;\">PARAMETERS </td>\n            <td style=\"border: 1px solid black; width: 360px; text-align: left; font-weight: bold;\">DETAILS </td>\n        </tr>\n    </thead>\n    <tbody>\n        <tr style = \"border : 1px solid black;\">\n            <td style = \"border : 1px solid black;\">Requirement :</td>\n            <td style = \"border : 1px solid black;\">{{ doc.custom_type or '' }}</td>\n        </tr>\n        <tr style = \"border : 1px solid black;\">\n            <td style = \"border : 1px solid black;\">Job Title :</td>\n            <td style = \"border : 1px solid black;\">{{ doc.requested_by_designation or '' }}</td>\n        </tr>\n        <tr style = \"border : 1px solid black;\">\n            <td style = \"border : 1px solid black;\">No. Of Requirement :</td>\n            <td style = \"border : 1px solid black;\">{{ doc.no_of_positions or '' }}</td>\n        </tr>\n        <tr style = \"border : 1px solid black;\">\n            <td style = \"border : 1px solid black;\">Location :</td>\n            <td style = \"border : 1px solid black;\">{{ doc.custom_location or '' }}</td>\n        </tr>\n        <tr style = \"border : 1px solid black;\">\n            <td style = \"border : 1px solid black;\">Experience Desired :</td>\n            <td style = \"border : 1px solid black;\">{{ doc.custom_desired_experience or '' }}</td>\n        </tr>\n        <tr style = \"border : 1px solid black;\">\n            <td style = \"border : 1px solid black;\">Skills Set Required :</td>\n            <td style = \"border : 1px solid black;\">{{ doc.custom_required_skill_set or '' }}</td>\n        </tr>\n        <tr style = \"border : 1px solid black;\">\n            <td style = \"border : 1px solid black;\">Salary Slab (Gross) :</td>\n            <td style = \"border : 1px solid black;\">{{ doc.expected_compensation or '' }}</td>\n        </tr>\n        <tr style = \"border : 1px solid black;\">\n            <td style = \"border : 1px solid black;\">Reason For Requirement :</td>\n            <td style = \"border : 1px solid black;\">{{ doc.reason_for_requesting or '' }}</td>\n        </tr>\n        <tr style = \"border : 1px solid black;\">\n            <td style = \"border : 1px solid black;\">Specify The Name, If Replacement :</td>\n            <td style = \"border : 1px solid black;\">\n                {% if doc.custom_type == \"Requirement Replacement\" %}\n                    {{doc.custom_replaced_employee_name or ''}}\n                {% elif doc.custom_type == \"New Position\" %}\n                    \n                {% endif %}\n            </td>\n        </tr>\n        <tr style = \"border : 1px solid black;\">\n            <td style = \"border : 1px solid black;\">Can Vacancy be Filled Through Internal Transfer/Promotion/Reference : (Specify Name With Position)</td>\n            <td style = \"border : 1px solid black;\">\n                \n                {{ doc.custom_requisition_by or '' }}\n                \n            </td>\n        </tr>\n        <tr style = \"border : 1px solid black;\">\n            <td style = \"border : 1px solid black;\">Specify Other Requirements (Industry/Skill/Related Profile/Special Job Requirement ):</td>\n            <td style = \"border : 1px solid black;\">{{ doc.description or '' }}</td>\n        </tr>\n        <tr style = \"border : 1px solid black;\">\n            <td style = \"border : 1px solid black;\">Required by Date :</td>\n            <td style = \"border : 1px solid black;\">\n                \n                {% set expected_by = frappe.utils.formatdate(doc.expected_by, \"dd-MM-yyyy\") %}\n                {{ expected_by or '' }}\n            </td>\n        </tr>\n    </tbody>\n</table>\n<br>\n\n<table>\n    <thead>\n        <tr>\n            <td style=\"border: 1px solid black; width: 360px; text-align: left; font-weight: bold;\">Approving Authorities </td>\n            <td style=\"border: 1px solid black; width: 360px; text-align: left; font-weight: bold;\">Comments </td>\n            <td style=\"border: 1px solid black; width: 360px; text-align: left; font-weight: bold;\">Signature </td>\n            <td style=\"border: 1px solid black; width: 360px; text-align: left; font-weight: bold;\">Date </td>\n        </tr>\n    </thead>\n    <tbody>\n        \n        {%- for row in doc.custom_authoroties_comments -%}\n        <tr>\n            <td style = \"border : 1px solid black;\">{{ row.designation or '' }}</td>\n            <td style = \"border : 1px solid black;\">{{ row.comments or '' }}</td>\n            <td style = \"border : 1px solid black; align: center\">\n               \n            </td>\n            <td style = \"border : 1px solid black;\">\n                {% set date = frappe.utils.formatdate(row.date, \"dd-MM-yyyy\") %}\n                {{ date or '' }}\n            </td>\n           \n       </tr>\n       {% endfor %}\n       \n    </tbody>\n</table>\n\n<div style = \"margin-top : 15px; page-break-before: always;\">\n    <div align='center'><strong><h3>RECRUITMENT REQUISITION PROCEDURE</h3></strong></div><br>\n                <div style = \"font-weight : 400; font-size: 15px;\">\n                    {{ doc.custom_requisition_procedure or '' }}\n                </div>\n            </div>\n            <div style = \"margin-top : 18px;\"><br><br>\n                <center><strong><h4>FOR HR PUPOSE ONLY</h4</strong></center><br>\n                <div style=\"font-size: 15px;\">\n                    Receiving Date Requisition : {{ doc.custom_receiving_date_requisition or '' }}\n                </div>\n                <div style=\"font-size: 15px;\">\n                    When position can be filled up : {{ doc.custom_when_position_can_be_filled_up or '' }}\n                </div>\n                <div style=\"font-size: 15px;\">\n                    Remarks : {{ doc.custom_remarks or '' }}\n                </div>\n            </div>\n            <div style = \"border : 1px solid black; min-height : 60px; margin-top : 10px;\">\n                \n            </div>\n            <div style = \"margin-top : 18px; font-size: 15px;\">\n                <strong>(Signature of HR Head)</strong>\n            </div>\n        </div>\n\n\n",
 "idx": 0,
 "line_breaks": 0,
 "margin_bottom": 15.0,
 "margin_left": 15.0,
 "margin_right": 15.0,
 "margin_top": 15.0,
 "modified": "2024-08-21 12:00:33.975201",
 "modified_by": "Administrator",
 "module": "Mumal HR",
 "name": "Manpower Requisition",
 "owner": "Administrator",
 "page_number": "Hide",
 "print_format_builder": 0,
 "print_format_builder_beta": 0,
 "print_format_type": "Jinja",
 "raw_printing": 0,
 "show_section_headings": 0,
 "standard": "Yes"
}