{
 "_liked_by": "[\"Administrator\"]",
 "actions": [],
 "allow_rename": 1,
 "creation": "2024-07-09 17:49:02.196412",
 "doctype": "DocType",
 "editable_grid": 1,
 "engine": "InnoDB",
 "field_order": [
  "kra",
  "kpi"
 ],
 "fields": [
  {
   "fieldname": "kra",
   "fieldtype": "Link",
   "in_list_view": 1,
   "label": "KRA",
   "options": "KRA"
  },
  {
   "fieldname": "kpi",
   "fieldtype": "Link",
   "in_list_view": 1,
   "label": "KPI",
   "options": "Employee Feedback Criteria"
  }
 ],
 "index_web_pages_for_search": 1,
 "istable": 1,
 "links": [],
 "modified": "2024-07-09 17:50:14.575312",
 "modified_by": "Administrator",
 "module": "Mumal HR",
 "name": "Employee Responsibilities",
 "owner": "Administrator",
 "permissions": [],
 "sort_field": "modified",
 "sort_order": "DESC",
 "states": []
}