{
 "_liked_by": "[\"Administrator\"]",
 "actions": [],
 "allow_rename": 1,
 "creation": "2024-07-19 17:13:15.499273",
 "doctype": "DocType",
 "editable_grid": 1,
 "engine": "InnoDB",
 "field_order": [
  "competency",
  "rating",
  "column_break_e2uxx",
  "personal_characteristics",
  "rating_second"
 ],
 "fields": [
  {
   "fieldname": "competency",
   "fieldtype": "Data",
   "in_list_view": 1,
   "label": "Competency"
  },
  {
   "fieldname": "rating",
   "fieldtype": "Int",
   "in_list_view": 1,
   "label": "Rating"
  },
  {
   "fieldname": "column_break_e2uxx",
   "fieldtype": "Column Break"
  },
  {
   "fieldname": "personal_characteristics",
   "fieldtype": "Data",
   "in_list_view": 1,
   "label": "Personal Characteristics"
  },
  {
   "fieldname": "rating_second",
   "fieldtype": "Int",
   "in_list_view": 1,
   "label": "Rating"
  }
 ],
 "index_web_pages_for_search": 1,
 "istable": 1,
 "links": [],
 "modified": "2024-08-12 17:50:15.546037",
 "modified_by": "Administrator",
 "module": "Mumal HR",
 "name": "Interview Rating",
 "owner": "Administrator",
 "permissions": [],
 "sort_field": "modified",
 "sort_order": "DESC",
 "states": []
}