{
 "_liked_by": "[\"Administrator\"]",
 "absolute_value": 0,
 "align_labels_right": 0,
 "creation": "2024-08-10 15:49:28.432535",
 "css": "h2{\n    text-align: center;\n    text-transform: uppercase;\n    margin: 8px 0px 13px 0px !important;\n}\n* {\n  box-sizing: border-box;\n}\n.print-format{\n    font-size: 16px;\n    line-height: 1.8 !important;\n    padding: 0.3in 0.4in 0.1in !important;\n    /*margin: 20px 10px !important;*/\n    /*border: 1px solid #36414c;*/\n    /*border-radius: 8px !important;*/\n}\n.grid-container {\n  display: flex;\n  flex-wrap: wrap; /* Allow items to wrap to the next line */\n  padding: 20px 0px 0px 0px !important;\n  line-height: 2 !important;\n}\ntable {\n  border: 1px solid #36414c; /* Set border color */\n}\n.grid-container > div {\n  width: 50%;\n}\n.address{\n    padding: 5px 0px 0px !important;\n}\n.grid-containersecond {\n  display: flex;\n  flex-wrap: wrap; /* Allow items to wrap to the next line */\n  padding: 5px 0px 0px 0px !important;\n  line-height: 1.8 !important;\n}\n\n.grid-containersecond > div {\n  width: 25%;\n}\n.sectiontable{\n    margin: 1.5rem 0rem 0rem !important;\n}\n.print-format td, .print-format th {\n    padding: 6px 4px !important; \n}\n.total{\n    background-color: #f4f5f6;\n}\n.authenticate{\n    margin-top: 30px !important;\n    line-height: 1.8 !important;\n}\n.witness{\n  padding: 20px 0px 0px 0px !important;\n  line-height: 1.5 !important;\n}\nh3{\n    margin-bottom: 2px !important;\n}\n.signature{\n    padding: 70px 0px 0px 0px !important;\n}\n.grid-containerthird {\n  display: flex;\n  justify-content: space-between; /* Aligns items with equal space between them */\n}\n\n.left {\n  text-align: left;\n}\n\n.center {\n  text-align: center;\n}\n\n.right {\n  text-align: right;\n}\n",
 "custom_format": 1,
 "default_print_language": "en",
 "disabled": 0,
 "doc_type": "Full and Final Statement",
 "docstatus": 0,
 "doctype": "Print Format",
 "font_size": 14,
 "html": "{% set employee_doc = frappe.get_doc(\"Employee\", doc.employee) %}\n{% set currency = employee_doc.salary_currency %} \n\n<h2><b>Full & Final Settelment Statement</b></h2>\n<div class=\"grid-container\">\n    \n    <div><b>Name:</b> {{ employee_doc.first_name or \"\" }} {{ employee_doc.last_name or \"\" }}</div>\n    <div><b>Father Name:</b>\n        {{ employee_doc.middle_name or \"\" }} {{ employee_doc.last_name or \"\" }}\n    </div>\n    <div><b>Department:</b> \n        {{ doc.department or \"\" }}\n    </div>\n    <div><b>Total Service Period: </b>{{ doc.custom_total_service_period or '' }}</div>\n    <div><b>Date Of Joining: </b>\n        {{frappe.utils.get_datetime(employee_doc.date_of_joining ).strftime('%d-%m-%Y') or \"\" }}\n    </div>\n    <div><b>Date Of Releving: </b>\n        {{frappe.utils.get_datetime(employee_doc.relieving_date ).strftime('%d-%m-%Y') or \"\" }}\n    </div>\n</div>\n\n<div class=\"address\"><b>Address:</b>\n        {{ employee_doc.current_address or \"\" }}\n</div><br>\n\n\n<!--Standard Salary Breakup-->\n<section class=\"sectiontable\">\n    <table border=\"1\" width=\"100%\">\n        {% if employee_doc.custom_earnings %}\n            <p align='center'><b>Standard Salary Breakup</b></p>\n            <tr class=\"head\">\n            {% for item in employee_doc.custom_earnings %}\n                <tr>\n                    <td style=\"width: 70%\"><b>{{ item.salary_component or \"\"}}</b></td>\n                    <td style=\"width: 30%\">{{ item.get_formatted(\"amount\" or \"\")}}</td>\n                </tr>\n            {% endfor %}\n            <tr class=\"total\">\n               <td><b>Gross Salary</b></td>\n                   \n               {% set symbol = frappe.db.get_value(\"Currency\",currency,\"symbol\") %}  \n               {% set total_earnings = employee_doc.custom_earnings | sum(attribute='amount') %}\n               <td>{{symbol}} {{ \"{:,.2f}\".format(total_earnings) }}</td>  \n            </tr>\n        {% endif %}\n        {% if employee_doc.custom_deductions %}\n            <tr class=\"head\">\n            {% for item in employee_doc.custom_deductions %}\n                <tr>\n                    <td style=\"width: 70%\"><b>{{ item.salary_component or \"\"}}</b></td>\n                    <td style=\"width: 30%\">{{ item.get_formatted(\"amount\" or \"\")}}</td>\n                    \n                </tr>\n            {% endfor %}\n            <tr class=\"total\">\n               <td><b>Net Salary</b></td>\n \n               {% set symbol = frappe.db.get_value(\"Currency\",currency,\"symbol\") %}  \n               {% set total_deductions = employee_doc.custom_deductions | sum(attribute='amount') %}\n               {% set net_pay = total_earnings - total_deductions %}\n               <td>{{symbol}} {{ \"{:,.2f}\".format(net_pay) }}</td>  \n            </tr>\n        {% endif %}\n        \n    </table>\n</section>\n\n<!--Payables-->\n<section class=\"sectiontable\">\n    <table border=\"1\" width=\"100%\">\n        {% if doc.payables %}\n            <p align='center'><b>Payables</b></p>\n            <tr class=\"head\">\n            {% for item in doc.payables %}\n                <tr>\n                    <td style=\"width: 70%\"><b>{{ item.component or \"\"}}</b></td>\n                    <td style=\"width: 30%\">{{ item.get_formatted(\"amount\" or \"\")}}</td>\n                    \n                </tr>\n            {% endfor %}\n            <tr class=\"total\">\n               <td><b>Total Payables</b></td>\n                 \n               {% set symbol = frappe.db.get_value(\"Currency\",currency,\"symbol\") %}  \n               {% set total_amount = doc.payables | sum(attribute='amount') %}\n               <td>{{symbol}} {{ \"{:,.2f}\".format(total_amount) }}</td>  \n            </tr>\n        {% endif %}\n    </table>\n</section>\n\n\n<!--Receivables-->\n<section class=\"sectiontable\">\n    <table border=\"1\" width=\"100%\">\n        {% if doc.receivables %}\n            <p align='center'><b>Receivables</b></p>\n            <tr class=\"head\">\n            {% for item in doc.receivables %}\n                <tr>\n                    <td style=\"width: 70%\"><b>{{ item.component or \"\"}}</b></td>\n                    <td style=\"width: 30%\">{{ item.get_formatted(\"amount\" or \"\")}}</td>\n                </tr>\n            {% endfor %}\n            <tr class=\"total\">\n               <td><b>Toal Receivables</b></td>\n                   \n               {% set symbol = frappe.db.get_value(\"Currency\",currency,\"symbol\") %}  \n               {% set total_amount = doc.receivables | sum(attribute='amount') %}\n               <td>{{symbol}} {{ \"{:,.2f}\".format(total_amount) }}</td>  \n            </tr>\n        {% endif %}\n    </table>\n</section>\n\n\n<!--Net Payables-->\n<section class=\"sectiontable\">\n    <table border=\"1\" width=\"100%\">\n        {% if doc.receivables or doc.payables %}\n            <p align='center'><b>Net Payable Amount</b></p>\n            <tr class=\"head\">\n                <tr>\n                    <td style=\"width: 70%\"><b>Total Payable Amount</b></td>\n                   \n                   {% set symbol = frappe.db.get_value(\"Currency\",currency,\"symbol\") %}  \n                   {% set total_amount = doc.payables | sum(attribute='amount') %}\n                   <td style=\"width: 30%\">{{symbol}} {{ \"{:,.2f}\".format(total_amount) }}</td>\n                </tr>\n                <tr>\n                    <td><b>Total Receivable Amount</b></td>\n                   \n                   {% set symbol = frappe.db.get_value(\"Currency\",currency,\"symbol\") %}  \n                   {% set total_amount = doc.receivables | sum(attribute='amount') %}\n                   <td style=\"width: 30%\">{{symbol}} {{ \"{:,.2f}\".format(total_amount) }}</td>\n                </tr>\n            <tr class=\"total\">\n               <td><b>Net Payable Amount</b></td>\n           \n               {% set symbol = frappe.db.get_value(\"Currency\",currency,\"symbol\") %}  \n               {% set net_pay = doc.payables | sum(attribute='amount') -  doc.receivables | sum(attribute='amount') %}\n               <td>{{symbol}} {{ \"{:,.2f}\".format(net_pay) }}</td>  \n            </tr>\n        {% endif %}\n    </table>\n</section>\n\n\n<div class=\"authenticate\">\n    <p>Received Full & Final  Settelment A Sum Of Rupees In Words :<br/>\n    Against My Dues With The Company. Now From The Day I Have No Claim Whatsover.</p>\n</div>\n\n<section class=\"witness\">\n    <h3><b>Witness</b></h3>\n    <div class=\"grid-containersecond\">\n      <div>Name: </div>\n      <div></div>\n      <div>Signature: </div>\n      <div></div>\n      <div>Name: </div>\n      <div></div>\n      <div>Signature: </div>\n      <div></div>\n    </div>\n</section>\n\n\n<section class=\"signature\">\n  <div class=\"grid-containerthird\">\n    <div class=\"left\">Prepared By</div>\n    <div class=\"center\">Checked By</div>\n    <div class=\"right\">Authorised By</div>\n  </div>\n</section>\n",
 "idx": 0,
 "line_breaks": 0,
 "margin_bottom": 15.0,
 "margin_left": 15.0,
 "margin_right": 15.0,
 "margin_top": 15.0,
 "modified": "2024-08-13 18:34:19.349500",
 "modified_by": "Administrator",
 "module": "Mumal HR",
 "name": "Full & Final Settelment Statement",
 "owner": "Administrator",
 "page_number": "Hide",
 "print_format_builder": 0,
 "print_format_builder_beta": 0,
 "print_format_type": "Jinja",
 "raw_printing": 0,
 "show_section_headings": 0,
 "standard": "Yes"
}