{
 "_liked_by": "[\"Administrator\"]",
 "actions": [],
 "allow_rename": 1,
 "creation": "2024-07-04 12:03:40.261552",
 "doctype": "DocType",
 "editable_grid": 1,
 "engine": "InnoDB",
 "field_order": [
  "name1",
  "relation",
  "age",
  "occupation",
  "column_break_gaxoi",
  "education",
  "dependent",
  "contact_no"
 ],
 "fields": [
  {
   "fieldname": "name1",
   "fieldtype": "Data",
   "in_list_view": 1,
   "label": "Name"
  },
  {
   "fieldname": "relation",
   "fieldtype": "Select",
   "in_list_view": 1,
   "label": "Relation",
   "options": "Father\nMother\nBrother\nSister\nSpouse"
  },
  {
   "fieldname": "age",
   "fieldtype": "Int",
   "in_list_view": 1,
   "label": "Age"
  },
  {
   "fieldname": "occupation",
   "fieldtype": "Data",
   "in_list_view": 1,
   "label": "Occupation"
  },
  {
   "fieldname": "column_break_gaxoi",
   "fieldtype": "Column Break"
  },
  {
   "fieldname": "education",
   "fieldtype": "Data",
   "in_list_view": 1,
   "label": "Education"
  },
  {
   "fieldname": "dependent",
   "fieldtype": "Data",
   "in_list_view": 1,
   "label": "Dependent"
  },
  {
   "fieldname": "contact_no",
   "fieldtype": "Data",
   "in_list_view": 1,
   "label": "Contact No"
  }
 ],
 "index_web_pages_for_search": 1,
 "istable": 1,
 "links": [],
 "modified": "2024-07-15 18:11:04.077642",
 "modified_by": "Administrator",
 "module": "Mumal HR",
 "name": "Family Background",
 "owner": "Administrator",
 "permissions": [],
 "sort_field": "modified",
 "sort_order": "DESC",
 "states": []
}