{
 "_liked_by": "[\"Administrator\"]",
 "absolute_value": 0,
 "align_labels_right": 0,
 "creation": "2024-08-10 15:49:28.200791",
 "css": ".no-bottom-padding {\n        margin-bottom: 1px !important;\n    }",
 "custom_format": 1,
 "default_print_language": "en",
 "disabled": 0,
 "doc_type": "Job Applicant",
 "docstatus": 0,
 "doctype": "Print Format",
 "font_size": 14,
 "html": "{% set current_date = frappe.utils.nowdate() %}\n{% set formatted_date = frappe.utils.formatdate(current_date, \"dd-MM-yyyy\") %}\n\n<br><br>\n<table>\n    <tbody>\n        <tr>\n            <td style=\"width: 100%; text-align: right; font-size: 15px;\">\n                <p><b>Date:</b> {{ formatted_date or '' }}</p>\n            </td>\n            <td></td>\n        </tr>\n    </tbody>\n</table>\n<br><br>\n\n<div style='font-size: 15px;'>\n    <p><b>Dear</b> {{ doc.applicant_name or '' }},</p>\n</div>\n<br>\n\n<div style='font-size: 15px; margin-right: 370px; overflow: hidden;'>\n    <p><b>Address:</b></p>\n    <p>{{ doc.custom_current_address or '' }}</p>\n</div>\n\n\n<br><br>\n\n<div style='font-size: 15px;'>\n    <p>Thank you very much for taking interest to join our company and discussions we had with you. We appreciate your candidature however because of limited vacancies we could not consider you for which we regret. We have placed your CV in our active file. We wish all the best for your future endeavors.</p>\n    \n    <br><br>\n    <p><b>Best Wishes</b></p><br><br><br><br>\n    <p><b>For {{ doc.custom_company or '' }}</b></p>\n    <p><b>Authorized Signatory</b></p>\n</div>\n",
 "idx": 0,
 "line_breaks": 0,
 "margin_bottom": 15.0,
 "margin_left": 15.0,
 "margin_right": 15.0,
 "margin_top": 15.0,
 "modified": "2024-08-14 15:20:37.293030",
 "modified_by": "Administrator",
 "module": "Mumal HR",
 "name": "Regret Letter",
 "owner": "Administrator",
 "page_number": "Hide",
 "print_format_builder": 0,
 "print_format_builder_beta": 0,
 "print_format_type": "Jinja",
 "raw_printing": 0,
 "show_section_headings": 0,
 "standard": "Yes"
}