{
 "_liked_by": "[\"Administrator\"]",
 "absolute_value": 0,
 "align_labels_right": 0,
 "creation": "2024-08-08 15:14:43.819495",
 "css": "h4{\n    margin: 20px 0px 10px !important;\n}\n.signature{\n    margin-top:50px !important;\n}\n.print-format {\n    font-size: 15px !important;\n    line-height: 1.5rem !important;\n    padding: 0.50in !important;\n}\n.space{\n    line-height: 1.7rem !important;\n    margin-top: 30px !important;\n}\ntable{\n    font-size:14px !important;\n    margin: 20px 0px !important;\n}\n.print-format td, .print-format th {\n    padding: 5px !important;\n    color: #1F272E !important;\n}.print-format th {\n  font-weight: bold !important;\n}",
 "custom_format": 1,
 "default_print_language": "en",
 "disabled": 0,
 "doc_type": "Employee Promotion",
 "docstatus": 0,
 "doctype": "Print Format",
 "font_size": 14,
 "html": "{% set current_date = frappe.utils.nowdate() %}\n{% set formatted_date = frappe.utils.get_datetime(current_date).strftime(\"%e %B %Y\") %}\n{% set promotion_date = frappe.utils.get_datetime(doc.promotion_date).strftime(\"%e %B %Y\") %}\n<p><b>Date: </b>{{ formatted_date or '' }}</p>\n\n<p class=\"space\">Dear<br/>\n{{doc.employee}} ({{doc.employee_name}})<br/>\n{{doc.custom_designation}}</p>\n<h4>Sub: Promotion</h4>\n{% set first_transfer_detail = doc.promotion_details[0] if doc.promotion_details and doc.promotion_details|length > 0 else None %}\n{% set transfer_new_field_value = first_transfer_detail.new if first_transfer_detail else 'No any new position' %}\n<p>You performance and over all efforts in improving the productivity of the mines have been appraised for the year 2019-20 and management is pleased to\npromote you to the position of <b>{{ transfer_new_field_value }}</b> W.e.f {{ promotion_date or '' }} and also to revise your salary as under:</p>\n{% set employee_doc = frappe.get_doc(\"Employee\", doc.employee) %}\n<table border=\"1\" width=\"100%\">\n    <tr>\n        <th width=\"40%\">Salary Component</th>\n        <th width=\"30%\">Present Salary</th>\n        <th width=\"30%\">Revised Salary</th>\n    </tr>\n{% set a = namespace(count=0) %}\n    {% for earning in employee_doc.custom_earnings %}\n        {% set revised_earning = doc.custom_earnings | selectattr(\"salary_component\", \"equalto\", earning.salary_component) | first %}\n        <tr>\n            {% set a.count = a.count + earning.amount %}\n            <td>{{ earning.salary_component }}</td>\n            <td style=\"text-align: right;\">{{ earning.get_formatted(\"amount\") if earning.amount else \"0\" }}</td>\n            <td style=\"text-align: right;\">{{ revised_earning.get_formatted(\"amount\") if revised_earning else \"0\" }}</td>\n        </tr>\n    {% endfor %}\n{% set b = namespace(count=0) %}\n    {% for earning in doc.custom_earnings %}\n        {% if not employee_doc.custom_earnings | selectattr(\"salary_component\", \"equalto\", earning.salary_component) | first %}\n            <tr>\n                {% set b.count = b.count + earning.amount %}\n                <td>{{ earning.salary_component }}</td>\n                <td style=\"text-align: right;\">0</td>\n                <td style=\"text-align: right;\">{{ earning.get_formatted(\"amount\") }}</td>\n            </tr>\n        {% endif %}\n    {% endfor %}\n    <tr>\n        <td style=\"n:right\"><b>Gross Salary</b></td>\n        <td style=\"text-align: right;\"><b>{{ a.count }}</b></td>\n        <td style=\"text-align: right;\"><b>{{b.count}}</b></td>\n    </tr>\n</table>\n<p>We hope while appreciating the gesture of good will of the management you will continue to make your all out efforts towards the growth of the company.</p>\n<p>Best wishes</p>\n\n<p class=\"signature\"><b>Authorized Signatory</b></p>\n",
 "idx": 0,
 "line_breaks": 0,
 "margin_bottom": 15.0,
 "margin_left": 15.0,
 "margin_right": 15.0,
 "margin_top": 15.0,
 "modified": "2024-08-14 17:55:11.845573",
 "modified_by": "Administrator",
 "module": "Mumal HR",
 "name": "Promotion Letter",
 "owner": "Administrator",
 "page_number": "Hide",
 "print_format_builder": 0,
 "print_format_builder_beta": 0,
 "print_format_type": "Jinja",
 "raw_printing": 0,
 "show_section_headings": 0,
 "standard": "Yes"
}