{
 "_liked_by": "[\"Administrator\"]",
 "absolute_value": 0,
 "align_labels_right": 0,
 "creation": "2024-08-13 11:56:56.504528",
 "css": "body, table, td, th, label, input {\n        font-size: 14px;\n    }\n.print-format td{\n    padding: 6px 0px !important;\n}\n.print-format {\n    padding: 0.30in !important;\n    font-size: 10px !important;\n}\n.print-format label {\n    font-size: 13px !important;\n    color: #36414c !important;\n}\ninput[type=checkbox] {\n    margin: 0px 0 0 !important; \n    /*width: 14px !important;*/\n    /*height: 14px !important;*/\n    /*margin-right: 0.5px !important;*/\n    /*background-color: #2490EF;*/\n}\n\n.custom-checkbox {\n    display: inline-block;\n    position: relative;\n    font-size: 16px;\n    vertical-align: middle;\n}\n\n.custom-checkbox input {\n    position: absolute;\n    opacity: 0;\n    height: 0;\n    width: 0;\n}\n\n.custom-checkbox .checkmark {\n    position: absolute;\n    margin-right: 5px;\n    top: 2px;\n    left: 0;\n    height: 14px;\n    width: 14px;\n    background-color: #eee;\n    border-radius: 4px; \n}\n\n.custom-checkbox:hover input ~ .checkmark {\n    background-color: #ccc;\n}\n\n.custom-checkbox input:checked ~ .checkmark {\n    background-color: #2490EF;\n}\n\n.custom-checkbox .checkmark:after {\n    content: \"\";\n    position: absolute;\n    display: none;\n}\n\n.custom-checkbox input:checked ~ .checkmark:after {\n    display: block;\n}\n\n.custom-checkbox .checkmark:after {\n    left: 5px;\n    top: 2px;\n    width: 4px;\n    height: 8px;\n    border: solid white;\n    border-width: 0 2px 2px 0;\n    transform: rotate(45deg);\n}\n\nh2{\n    margin: 0px !important;\n}\nh4{\n    font-size: 15px !important;\n    margin: 0px 0px 10px !important;\n}\nh5{\n    font-size: 16px !important;\n}\n.section{\n    margin-top: 10px !important;\n    font-size: 10px !important;\n}\n.sectionfourth{\n    margin-top: 0px !important;\n    font-size: 10px !important;\n}\n.sectioneight{\n    margin-top: 10px !important;\n    font-size: 10px !important;\n}\n.newquestion{\n    margin-top: 25px !important;\n}\n.newquestioneight{\n    font-weight:900 !important;\n}\n.column {\n  float: left;\n  width: 33.33%;\n}\n.head{\n    font-size:14px !important;\n}\n.question_f_third_question{\n    font-size: 12px !important;\n    line-height: 1rem !important;\n    font-weight: 600 !important;\n}\n.question_f_third{\n    margin-right: 20px !important;\n}",
 "custom_format": 1,
 "default_print_language": "en",
 "disabled": 0,
 "doc_type": "Exit Interview",
 "docstatus": 0,
 "doctype": "Print Format",
 "font_size": 14,
 "html": "{% set employee_doc = frappe.get_doc('Employee', doc.employee) %}\n\n<h2 align='center'><b><u>EXIT INTERVIEW FORM</u></b></h2><br>\n\n<section>\n    <table style=' width: 100%; table-layout: fixed;'>\n        <tr>\n            <td style='width: 50%;'><b>Employee Name:</b> {{ doc.employee_name or '' }}</td>\n            <td style='width: 50%;'><b>Employee Code:</b> {{ doc.employee or '' }}</td>\n        </tr>\n        <tr>\n            <td ><b>Department:</b> {{ doc.department or '' }}</td>\n            <td ><b>Designation:</b> {{ doc.designation or '' }}</td>\n        </tr>\n        <tr>\n            <td ><b>Date of Joining:</b> {{ doc.date_of_joining or '' }}</td>\n            <td ><b>Date of Leaving:</b> {{ doc.relieving_date or '' }}</td>\n        </tr>\n        <tr>\n            <td ><b>Hiring Source:</b> Direct/Referral/Campus/Consultant</td>\n            <td ><b>Qualification:</b>\n                {% if employee_doc.education %}\n                {% for row in employee_doc.education %}\n                    {{ row.level or '' }} {% if not loop.last %}, {% endif %}\n                {% endfor %}\n                {% endif %}\n            </td>\n        </tr>\n        <tr>\n            <td ><b>Total Experience:</b></td>\n            <td ><b>Immediate Supervisor:</b>\n                {% for item in doc.interviewers %}\n                    {% set user_doc = frappe.get_doc(\"User\", item.user) %}\n                    {{ user_doc.full_name }}{% if not loop.last %}, {% endif %}\n                {% endfor %}\n            </td>\n        </tr>\n        <tr>\n            <td ><b>Designation on Joining:</b></td>\n            <td ><b>HOD:</b></td>\n        </tr>\n        <tr>\n            <td ></td>\n            <td ><b>Designation on Leaving:</b> {{ doc.designation or '' }}</td>\n        </tr>\n    </table>\n</section>\n\n{% if doc.reference_document_name %}\n    {% set que_doc = frappe.get_doc('Exit Questionnaire', doc.reference_document_name) %}\n    {% set question_first = frappe.get_meta('Exit Questionnaire').get_field('q1').label %}\n    {% set check_first = frappe.get_meta('Exit Questionnaire').get_field('q1_c1').label %}\n    {% set check_first_value = que_doc.q1_c1 %}\n    {% set check_second = frappe.get_meta('Exit Questionnaire').get_field('q1_c6').label %}\n    {% set check_second_value = que_doc.q1_c6 %}\n    {% set check_third = frappe.get_meta('Exit Questionnaire').get_field('q1_c2').label %}\n    {% set check_third_value = que_doc.q1_c2 %}\n    {% set check_fourth = frappe.get_meta('Exit Questionnaire').get_field('q1_c7').label %}\n    {% set check_fourth_value = que_doc.q1_c7 %}\n    {% set check_fifth = frappe.get_meta('Exit Questionnaire').get_field('q1_c3').label %}\n    {% set check_fifth_value = que_doc.q1_c3 %}\n    {% set check_six = frappe.get_meta('Exit Questionnaire').get_field('q1_c8').label %}\n    {% set check_six_value = que_doc.q1_c8 %}\n    {% set check_seven = frappe.get_meta('Exit Questionnaire').get_field('q1_c4').label %}\n    {% set check_seven_value = que_doc.q1_c4 %}\n    {% set check_eight = frappe.get_meta('Exit Questionnaire').get_field('q1_c5').label %}\n    {% set check_eight_value = que_doc.q1_c5 %}\n    {% set check_nine = frappe.get_meta('Exit Questionnaire').get_field('q1_c9').label %}\n    {% set check_nine_value = que_doc.q1_c9 %}\n        \n    {% set question_sub_first = frappe.get_meta('Exit Questionnaire').get_field('q1_a').label %}\n    {% set check_sub_first = frappe.get_meta('Exit Questionnaire').get_field('q1_a_c1').label %}\n    {% set check_sub_second = frappe.get_meta('Exit Questionnaire').get_field('q1_a_c2').label %}\n    {% set check_sub_third = frappe.get_meta('Exit Questionnaire').get_field('q1_a_c3').label %}\n\n    <section class=\"section\">\n        <h3 align='center'><b>Questionnaire</b></h3>\n        <div class=\"newquestion\">\n            {{ question_first }}\n            <table style=\"width: 100%; border-collapse: collapse;\" class=\"tablesecond\">\n                <tr>\n                    <td>\n                        <label class=\"custom-checkbox\">\n                            {% if check_first_value == 1 %}\n                                <input type=\"checkbox\" class=\"checkboxcheck\" id=\"checkbox2\" onclick=\"return false;\" name=\"checkbox2\" checked>\n                            {% else %}\n                                <input type=\"checkbox\" class=\"checkboxcheck\" id=\"checkbox2\" name=\"checkbox2\" onclick=\"return false;\">\n                            {% endif %}\n                            <span class=\"checkmark\"></span>\n                            {{ check_first }}\n                        </label>\n\n                    </td>\n                    <td>\n                        <input type=\"checkbox\" id=\"checkbox2\" name=\"checkbox2\" style=\"vertical-align: middle;\">\n                        <label for=\"checkbox2\" style=\"vertical-align: middle; display: inline;\">{{ check_second }}</label>\n                    </td>\n                </tr>\n                <tr>\n                    <td>\n                        <input type=\"checkbox\" id=\"checkbox3\" name=\"checkbox3\" style=\"vertical-align: middle;\">\n                        <label for=\"checkbox3\" style=\"vertical-align: middle; display: inline;\">{{ check_third }}</label>\n                    </td>\n                    <td>\n                        <input type=\"checkbox\" id=\"checkbox4\" name=\"checkbox4\" style=\"vertical-align: middle;\">\n                        <label for=\"checkbox4\" style=\"vertical-align: middle; display: inline;\">{{ check_fourth }}</label>\n                    </td>\n                </tr>\n                <tr>\n                    <td>\n                        <input type=\"checkbox\" id=\"checkbox5\" name=\"checkbox5\" style=\"vertical-align: middle;\">\n                        <label for=\"checkbox5\" style=\"vertical-align: middle; display: inline;\">{{ check_fifth }}</label>\n                    </td>\n                    <td>\n                        <input type=\"checkbox\" id=\"checkbox6\" name=\"checkbox6\" style=\"vertical-align: middle;\">\n                        <label for=\"checkbox6\" style=\"vertical-align: middle; display: inline;\">{{ check_six }}</label>\n                    </td>\n                </tr>\n                <tr>\n                    <td>\n                        <input type=\"checkbox\" id=\"checkbox7\" name=\"checkbox7\" style=\"vertical-align: middle;\">\n                        <label for=\"checkbox7\" style=\"vertical-align: middle; display: inline;\">{{ check_seven }}</label>\n                    </td>\n                    {% if check_nine_value %}\n                        <td rowspan=\"2\">\n                            <p><b>{{ check_nine }}</b></p>\n                            <p style=\"font-size:12px !important;\">{{ check_nine_value }}</p>\n                        </td>\n                    {% else %}\n                        <td></td>\n                    {% endif %}\n                </tr>\n                <tr>\n                    <td>\n                        <input type=\"checkbox\" id=\"checkbox8\" name=\"checkbox8\" style=\"vertical-align: middle;\">\n                        <label for=\"checkbox8\" style=\"vertical-align: middle; display: inline;\">{{ check_eight }}</label>\n                    </td>\n                    {% if not check_nine_value %}\n                        <td></td>\n                    {% endif %}\n                </tr>\n            </table>\n        </div>\n        \n        <div class=\"newquestion\">\n            <h4>{{ question_sub_first }}</h4>\n            <div class=\"column\">\n                <input type=\"checkbox\" id=\"checkbox1\" name=\"checkbox1\" style=\"vertical-align: middle;\">\n                <label for=\"checkbox1\" style=\"vertical-align: middle; display: inline;\">{{ check_sub_first }}</label>\n            </div>\n            <div class=\"column\">\n                <input type=\"checkbox\" id=\"checkbox2\" name=\"checkbox2\" style=\"vertical-align: middle;\">\n                <label for=\"checkbox2\" style=\"vertical-align: middle; display: inline;\">{{ check_sub_second }}</label>\n            </div>\n            <div class=\"column\">\n                <input type=\"checkbox\" id=\"checkbox3\" name=\"checkbox3\" style=\"vertical-align: middle;\">\n                <label for=\"checkbox3\" style=\"vertical-align: middle; display: inline;\">{{ check_sub_third }}</label>\n            </div>\n        </div>\n    </section>\n{% endif %}\n\n\n{% if doc.reference_document_name %}\n    {% set que_doc = frappe.get_doc('Exit Questionnaire', doc.reference_document_name) %}\n    {% set question_second = frappe.get_meta('Exit Questionnaire').get_field('q2').label %}\n    {% set question_second_first = frappe.get_meta('Exit Questionnaire').get_field('q2_o1').label %}\n    {% set qsf_first = frappe.get_meta('Exit Questionnaire').get_field('q2_1_c1').label %}\n    {% set qsf_second = frappe.get_meta('Exit Questionnaire').get_field('q2_2_c1').label %}\n    {% set qsf_third = frappe.get_meta('Exit Questionnaire').get_field('q2_3_c1').label %}\n    {% set qsf_fourth = frappe.get_meta('Exit Questionnaire').get_field('q2_4_c1').label %}\n    {% set qsf_fifth = frappe.get_meta('Exit Questionnaire').get_field('q2_5_c1').label %}\n    {% set question_second_second = frappe.get_meta('Exit Questionnaire').get_field('q2_o2').label %}\n    {% set qss_first = frappe.get_meta('Exit Questionnaire').get_field('q2_1_c2').label %}\n    {% set qss_second = frappe.get_meta('Exit Questionnaire').get_field('q2_2_c2').label %}\n    {% set qss_third = frappe.get_meta('Exit Questionnaire').get_field('q2_3_c2').label %}\n    {% set qss_fourth = frappe.get_meta('Exit Questionnaire').get_field('q2_4_c2').label %}\n    {% set qss_fifth = frappe.get_meta('Exit Questionnaire').get_field('q2_5_c2').label %}\n    {% set question_second_third = frappe.get_meta('Exit Questionnaire').get_field('q2_o3').label %}\n    {% set qst_first = frappe.get_meta('Exit Questionnaire').get_field('q2_1_c3').label %}\n    {% set qst_second = frappe.get_meta('Exit Questionnaire').get_field('q2_2_c3').label %}\n    {% set qst_third = frappe.get_meta('Exit Questionnaire').get_field('q2_3_c3').label %}\n    {% set qst_fourth = frappe.get_meta('Exit Questionnaire').get_field('q2_4_c3').label %}\n    {% set qst_fifth = frappe.get_meta('Exit Questionnaire').get_field('q2_4_c3').label %}\n    {% set question_second_fourth = frappe.get_meta('Exit Questionnaire').get_field('q2_o4').label %}\n    {% set qsfo_first = frappe.get_meta('Exit Questionnaire').get_field('q2_1_c4').label %}\n    {% set qsfo_second = frappe.get_meta('Exit Questionnaire').get_field('q2_2_c4').label %}\n    {% set qsfo_third = frappe.get_meta('Exit Questionnaire').get_field('q2_3_c4').label %}\n    {% set qsfo_fourth = frappe.get_meta('Exit Questionnaire').get_field('q2_4_c4').label %}\n    {% set qsfo_fifth = frappe.get_meta('Exit Questionnaire').get_field('q2_5_c4').label %}\n    {% set question_second_fifth = frappe.get_meta('Exit Questionnaire').get_field('q2_o5').label %}\n    {% set qsfi_first = frappe.get_meta('Exit Questionnaire').get_field('q2_1_c5').label %}\n    {% set qsfi_second = frappe.get_meta('Exit Questionnaire').get_field('q2_2_c5').label %}\n    {% set qsfi_third = frappe.get_meta('Exit Questionnaire').get_field('q2_3_c5').label %}\n    {% set qsfi_fourth = frappe.get_meta('Exit Questionnaire').get_field('q2_4_c5').label %}\n    {% set qsfi_fifth = frappe.get_meta('Exit Questionnaire').get_field('q2_5_c5').label %}\n    {% set question_second_six = frappe.get_meta('Exit Questionnaire').get_field('q2_o6').label %}\n    {% set qssi_first = frappe.get_meta('Exit Questionnaire').get_field('q2_1_c6').label %}\n    {% set qssi_second = frappe.get_meta('Exit Questionnaire').get_field('q2_2_c6').label %}\n    {% set qssi_third = frappe.get_meta('Exit Questionnaire').get_field('q2_3_c6').label %}\n    {% set qssi_fourth = frappe.get_meta('Exit Questionnaire').get_field('q2_4_c6').label %}\n    {% set qssi_fifth = frappe.get_meta('Exit Questionnaire').get_field('q2_5_c6').label %}\n\n    <section class=\"section\">\n        <div class=\"newquestion\">\n            {{ question_second }}\n            <table style=\"width: 100%; border-collapse: collapse;\" class=\"tablesecond\">\n                <tr>\n                   <td style=\"width:30%;\">\n                        <b>{{ question_second_first }}</b>\n                    </td>\n                    <td style=\"width:15%\">\n                        <input type=\"checkbox\" id=\"checkbox2\" name=\"checkbox2\" style=\"vertical-align: middle;\">\n                        <label for=\"checkbox2\" style=\"vertical-align: middle; display: inline;\">{{ qsf_first }}</label>\n                    </td>\n                    <td style=\"width:15%\">\n                        <input type=\"checkbox\" id=\"checkbox2\" name=\"checkbox2\" style=\"vertical-align: middle;\">\n                        <label for=\"checkbox2\" style=\"vertical-align: middle; display: inline;\">{{ qsf_second }}</label>\n                    </td>\n                    <td style=\"width:15%\">\n                        <input type=\"checkbox\" id=\"checkbox2\" name=\"checkbox2\" style=\"vertical-align: middle;\">\n                        <label for=\"checkbox2\" style=\"vertical-align: middle; display: inline;\">{{ qsf_third }}</label>\n                    </td>\n                    <td style=\"width:15%\">\n                        <input type=\"checkbox\" id=\"checkbox2\" name=\"checkbox2\" style=\"vertical-align: middle;\">\n                        <label for=\"checkbox2\" style=\"vertical-align: middle; display: inline;\">{{ qsf_fourth }}</label>\n                    </td>\n                    <td>\n                        <input type=\"checkbox\" id=\"checkbox2\" name=\"checkbox2\" style=\"vertical-align: middle;\">\n                        <label for=\"checkbox2\" style=\"vertical-align: middle; display: inline;\">{{ qsf_fifth }}</label>\n                    </td>\n                </tr>\n                <tr>\n                    <td style=\"padding-top: 0px !important;\">\n                         <b>{{ question_second_second }}</b>\n                     </td>\n                     <td>\n                         <input type=\"checkbox\" id=\"checkbox2\" name=\"checkbox2\" style=\"vertical-align: middle;\">\n                         <label for=\"checkbox2\" style=\"vertical-align: middle; display: inline;\">{{ qss_first }}</label>\n                     </td>\n                     <td>\n                         <input type=\"checkbox\" id=\"checkbox2\" name=\"checkbox2\" style=\"vertical-align: middle;\">\n                         <label for=\"checkbox2\" style=\"vertical-align: middle; display: inline;\">{{ qss_second }}</label>\n                     </td>\n                     <td>\n                         <input type=\"checkbox\" id=\"checkbox2\" name=\"checkbox2\" style=\"vertical-align: middle;\">\n                         <label for=\"checkbox2\" style=\"vertical-align: middle; display: inline;\">{{ qss_third }}</label>\n                     </td>\n                     <td>\n                         <input type=\"checkbox\" id=\"checkbox2\" name=\"checkbox2\" style=\"vertical-align: middle;\">\n                         <label for=\"checkbox2\" style=\"vertical-align: middle; display: inline;\">{{ qss_fourth }}</label>\n                     </td>\n                     <td>\n                         <input type=\"checkbox\" id=\"checkbox2\" name=\"checkbox2\" style=\"vertical-align: middle;\">\n                         <label for=\"checkbox2\" style=\"vertical-align: middle; display: inline;\">{{ qss_fifth }}</label>\n                     </td>\n                </tr>\n                <tr>\n                    <td style=\"padding-top: 0px !important;\">\n                         <b>{{ question_second_third }}</b>\n                     </td>\n                     <td>\n                         <input type=\"checkbox\" id=\"checkbox2\" name=\"checkbox2\" style=\"vertical-align: middle;\">\n                         <label for=\"checkbox2\" style=\"vertical-align: middle; display: inline;\">{{ qst_first }}</label>\n                     </td>\n                     <td>\n                         <input type=\"checkbox\" id=\"checkbox2\" name=\"checkbox2\" style=\"vertical-align: middle;\">\n                         <label for=\"checkbox2\" style=\"vertical-align: middle; display: inline;\">{{ qst_second }}</label>\n                     </td>\n                     <td>\n                         <input type=\"checkbox\" id=\"checkbox2\" name=\"checkbox2\" style=\"vertical-align: middle;\">\n                         <label for=\"checkbox2\" style=\"vertical-align: middle; display: inline;\">{{ qst_third }}</label>\n                     </td>\n                     <td>\n                         <input type=\"checkbox\" id=\"checkbox2\" name=\"checkbox2\" style=\"vertical-align: middle;\">\n                         <label for=\"checkbox2\" style=\"vertical-align: middle; display: inline;\">{{ qst_fourth }}</label>\n                     </td>\n                     <td>\n                         <input type=\"checkbox\" id=\"checkbox2\" name=\"checkbox2\" style=\"vertical-align: middle;\">\n                         <label for=\"checkbox2\" style=\"vertical-align: middle; display: inline;\">{{ qst_fifth }}</label>\n                     </td>\n                </tr><tr>\n                    <td style=\"padding-top: 0px !important;\">\n                         <b>{{ question_second_fourth }}</b>\n                     </td>\n                     <td>\n                         <input type=\"checkbox\" id=\"checkbox2\" name=\"checkbox2\" style=\"vertical-align: middle;\">\n                         <label for=\"checkbox2\" style=\"vertical-align: middle; display: inline;\">{{ qsfo_first }}</label>\n                     </td>\n                     <td>\n                         <input type=\"checkbox\" id=\"checkbox2\" name=\"checkbox2\" style=\"vertical-align: middle;\">\n                         <label for=\"checkbox2\" style=\"vertical-align: middle; display: inline;\">{{ qsfo_second }}</label>\n                     </td>\n                     <td>\n                         <input type=\"checkbox\" id=\"checkbox2\" name=\"checkbox2\" style=\"vertical-align: middle;\">\n                         <label for=\"checkbox2\" style=\"vertical-align: middle; display: inline;\">{{ qsfo_third }}</label>\n                     </td>\n                     <td>\n                         <input type=\"checkbox\" id=\"checkbox2\" name=\"checkbox2\" style=\"vertical-align: middle;\">\n                         <label for=\"checkbox2\" style=\"vertical-align: middle; display: inline;\">{{ qsfo_fourth }}</label>\n                     </td>\n                     <td>\n                         <input type=\"checkbox\" id=\"checkbox2\" name=\"checkbox2\" style=\"vertical-align: middle;\">\n                         <label for=\"checkbox2\" style=\"vertical-align: middle; display: inline;\">{{ qsfo_fifth }}</label>\n                     </td>\n                </tr><tr>\n                    <td style=\"padding-top: 0px !important;\">\n                         <b>{{ question_second_fifth }}</b>\n                     </td>\n                     <td>\n                         <input type=\"checkbox\" id=\"checkbox2\" name=\"checkbox2\" style=\"vertical-align: middle;\">\n                         <label for=\"checkbox2\" style=\"vertical-align: middle; display: inline;\">{{ qsfi_first }}</label>\n                     </td>\n                     <td>\n                         <input type=\"checkbox\" id=\"checkbox2\" name=\"checkbox2\" style=\"vertical-align: middle;\">\n                         <label for=\"checkbox2\" style=\"vertical-align: middle; display: inline;\">{{ qsfi_second }}</label>\n                     </td>\n                     <td>\n                         <input type=\"checkbox\" id=\"checkbox2\" name=\"checkbox2\" style=\"vertical-align: middle;\">\n                         <label for=\"checkbox2\" style=\"vertical-align: middle; display: inline;\">{{ qsfi_third }}</label>\n                     </td>\n                     <td>\n                         <input type=\"checkbox\" id=\"checkbox2\" name=\"checkbox2\" style=\"vertical-align: middle;\">\n                         <label for=\"checkbox2\" style=\"vertical-align: middle; display: inline;\">{{ qsfi_fourth }}</label>\n                     </td>\n                     <td>\n                         <input type=\"checkbox\" id=\"checkbox2\" name=\"checkbox2\" style=\"vertical-align: middle;\">\n                         <label for=\"checkbox2\" style=\"vertical-align: middle; display: inline;\">{{ qsfi_fifth }}</label>\n                     </td>\n                </tr><tr>\n                    <td style=\"padding-top: 0px !important;\">\n                         <b>{{ question_second_six }}</b>\n                     </td>\n                     <td>\n                         <input type=\"checkbox\" id=\"checkbox2\" name=\"checkbox2\" style=\"vertical-align: middle;\">\n                         <label for=\"checkbox2\" style=\"vertical-align: middle; display: inline;\">{{ qssi_first }}</label>\n                     </td>\n                     <td>\n                         <input type=\"checkbox\" id=\"checkbox2\" name=\"checkbox2\" style=\"vertical-align: middle;\">\n                         <label for=\"checkbox2\" style=\"vertical-align: middle; display: inline;\">{{ qssi_second }}</label>\n                     </td>\n                     <td>\n                         <input type=\"checkbox\" id=\"checkbox2\" name=\"checkbox2\" style=\"vertical-align: middle;\">\n                         <label for=\"checkbox2\" style=\"vertical-align: middle; display: inline;\">{{ qssi_third }}</label>\n                     </td>\n                     <td>\n                         <input type=\"checkbox\" id=\"checkbox2\" name=\"checkbox2\" style=\"vertical-align: middle;\">\n                         <label for=\"checkbox2\" style=\"vertical-align: middle; display: inline;\">{{ qssi_fourth }}</label>\n                     </td>\n                     <td>\n                         <input type=\"checkbox\" id=\"checkbox2\" name=\"checkbox2\" style=\"vertical-align: middle;\">\n                         <label for=\"checkbox2\" style=\"vertical-align: middle; display: inline;\">{{ qssi_fifth }}</label>\n                     </td>\n                </tr>\n            </table>\n        </div>\n    </section>\n{% endif %}\n\n{% if doc.reference_document_name %}\n    {% set que_doc = frappe.get_doc('Exit Questionnaire', doc.reference_document_name) %}\n    {% set question_third = frappe.get_meta('Exit Questionnaire').get_field('q3').label %}\n    {% set question_third_first = frappe.utils.strip_html(frappe.get_meta('Exit Questionnaire').get_field('q3_1').label) %}\n    {% set question_third_second = frappe.utils.strip_html(frappe.get_meta('Exit Questionnaire').get_field('q3_2').label) %}\n    {% set question_third_third = frappe.utils.strip_html(frappe.get_meta('Exit Questionnaire').get_field('q3_3').label) %}\n    {% set question_tf_first = frappe.get_meta('Exit Questionnaire').get_field('q3_1_c1').label %}\n    {% set question_tf_second = frappe.get_meta('Exit Questionnaire').get_field('q3_2_c1').label %}\n    {% set question_tf_third = frappe.get_meta('Exit Questionnaire').get_field('q3_3_c1').label %}\n    {% set question_ts_first = frappe.get_meta('Exit Questionnaire').get_field('q3_1_c2').label %}\n    {% set question_ts_second = frappe.get_meta('Exit Questionnaire').get_field('q3_2_c2').label %}\n    {% set question_ts_third = frappe.get_meta('Exit Questionnaire').get_field('q3_3_c2').label %}\n    {% set question_tt_first = frappe.get_meta('Exit Questionnaire').get_field('q3_1_c3').label %}\n    {% set question_tt_first_value = que_doc.q3_1_c3 %}\n    {% set question_tt_second = frappe.get_meta('Exit Questionnaire').get_field('q3_2_c3').label %}\n    {% set question_tt_third = frappe.get_meta('Exit Questionnaire').get_field('q3_3_c3').label %}\n    {% set question_tfo_second = frappe.get_meta('Exit Questionnaire').get_field('q3_2_c4').label %}\n    {% set question_tfo_third = frappe.get_meta('Exit Questionnaire').get_field('q3_3_c4').label %}\n    {% set question_tfi_second = frappe.get_meta('Exit Questionnaire').get_field('q3_2_c5').label %}\n    {% set question_tfi_third = frappe.get_meta('Exit Questionnaire').get_field('q3_3_c5').label %}\n    {% set question_tsi_second = frappe.get_meta('Exit Questionnaire').get_field('q3_2_c6').label %}\n    {% set question_tsi_third = frappe.get_meta('Exit Questionnaire').get_field('q3_3_c6').label %}\n    {% set question_tsi_third_value = que_doc.q3_3_c6 %}\n    {% set question_tse_second = frappe.get_meta('Exit Questionnaire').get_field('q3_2_c7').label %}\n    {% set question_tse_second_value = que_doc.q3_2_c7 %}\n\n    <section class=\"section\">\n        <div class=\"newquestion\">\n            {{ question_third }}\n            <table style=\"width: 100%; border-collapse: collapse;\" class=\"tablesecond\">\n                <tr>\n                    <td style=\"width:30% !important;\" class=\"head\">\n                         <b>{{ question_third_first }}</b>\n                     </td>\n                     <td class=\"head\">\n                         <b>{{ question_third_second }}</b>\n                     </td>\n                     <td style=\"width:28% !important;\" class=\"head\">\n                         <b>{{ question_third_third }}</b>\n                     </td>\n                </tr>\n                <tr>\n                     <td>\n                         <input type=\"checkbox\" id=\"checkbox2\" name=\"checkbox2\" style=\"vertical-align: middle;\">\n                         <label for=\"checkbox2\" style=\"vertical-align: middle; display: inline;\">{{ question_tf_first }}</label>\n                     </td>\n                     <td>\n                         <input type=\"checkbox\" id=\"checkbox2\" name=\"checkbox2\" style=\"vertical-align: middle;\">\n                         <label for=\"checkbox2\" style=\"vertical-align: middle; display: inline;\">{{ question_tf_second }}</label>\n                     </td>\n                     <td>\n                         <input type=\"checkbox\" id=\"checkbox2\" name=\"checkbox2\" style=\"vertical-align: middle;\">\n                         <label for=\"checkbox2\" style=\"vertical-align: middle; display: inline;\">{{ question_tf_third }}</label>\n                     </td>\n                </tr>\n                <tr>\n                    <td>\n                        <input type=\"checkbox\" id=\"checkbox2\" name=\"checkbox2\" style=\"vertical-align: middle;\">\n                        <label for=\"checkbox2\" style=\"vertical-align: middle; display: inline;\">{{ question_ts_first }}</label>\n                    </td>\n                    <td>\n                        <input type=\"checkbox\" id=\"checkbox2\" name=\"checkbox2\" style=\"vertical-align: middle;\">\n                        <label for=\"checkbox2\" style=\"vertical-align: middle; display: inline;\">{{ question_ts_second }}</label>\n                    </td>\n                    <td>\n                        <input type=\"checkbox\" id=\"checkbox2\" name=\"checkbox2\" style=\"vertical-align: middle;\">\n                        <label for=\"checkbox2\" style=\"vertical-align: middle; display: inline;\">{{ question_ts_third }}</label>\n                    </td>\n               </tr>\n               <tr>\n                {% if question_tt_first_value %}\n                    <td rowspan=\"6\">\n                         <p><b>{{ question_tt_first }}</b></p>\n                         <p style=\"font-size:12px !important; white-space: pre-line;\">{{ question_tt_first_value | safe }}</p>\n                     </td>\n                 {% else %}\n                    <td rowspan=\"6\"></td>\n                 {% endif %}\n                 <td>\n                    <input type=\"checkbox\" id=\"checkbox2\" name=\"checkbox2\" style=\"vertical-align: middle;\">\n                    <label for=\"checkbox2\" style=\"vertical-align: middle; display: inline;\">{{ question_tt_second }}</label>\n                </td>\n                <td>\n                    <input type=\"checkbox\" id=\"checkbox2\" name=\"checkbox2\" style=\"vertical-align: middle;\">\n                    <label for=\"checkbox2\" style=\"vertical-align: middle; display: inline;\">{{ question_tt_third }}</label>\n                </td>\n            </tr>\n            <tr>\n                 <td>\n                    <input type=\"checkbox\" id=\"checkbox2\" name=\"checkbox2\" style=\"vertical-align: middle;\">\n                    <label for=\"checkbox2\" style=\"vertical-align: middle; display: inline;\">{{ question_tfo_second }}</label>\n                </td>\n                <td>\n                    <input type=\"checkbox\" id=\"checkbox2\" name=\"checkbox2\" style=\"vertical-align: middle;\">\n                    <label for=\"checkbox2\" style=\"vertical-align: middle; display: inline;\">{{ question_tfo_third }}</label>\n                </td>\n            </tr>\n            <tr>\n                 <td>\n                    <input type=\"checkbox\" id=\"checkbox2\" name=\"checkbox2\" style=\"vertical-align: middle;\">\n                    <label for=\"checkbox2\" style=\"vertical-align: middle; display: inline;\">{{ question_tfi_second }}</label>\n                </td>\n                <td>\n                    <input type=\"checkbox\" id=\"checkbox2\" name=\"checkbox2\" style=\"vertical-align: middle;\">\n                    <label for=\"checkbox2\" style=\"vertical-align: middle; display: inline;\">{{ question_tfi_third }}</label>\n                </td>\n            </tr>\n            <tr>\n                 <td>\n                    <input type=\"checkbox\" id=\"checkbox2\" name=\"checkbox2\" style=\"vertical-align: middle;\">\n                    <label for=\"checkbox2\" style=\"vertical-align: middle; display: inline;\">{{ question_tsi_second }}</label>\n                </td>\n                {% if question_tsi_third_value %}\n                    <td rowspan=\"2\">\n                         <p><b>{{ question_tsi_third }}</b></p>\n                         <p style=\"font-size:12px !important; white-space: pre-line;\">{{ question_tsi_third_value | safe }}</p>\n                     </td>\n                 {% else %}\n                    <td rowspan=\"2\"></td>\n                 {% endif %}\n            </tr>\n            <tr>\n                {% if question_tse_second_value %}\n                    <td>\n                         <p><b>{{ question_tse_second }}</b></p>\n                         <p style=\"font-size:12px !important; white-space: pre-line;\">{{ question_tse_second_value | safe }}</p>\n                     </td>\n                 {% else %}\n                    <td></td>\n                 {% endif %}\n                 <td></td>\n            </tr>\n            </table>\n        </div>\n    </section>\n{% endif %}\n\n\n{% if doc.reference_document_name %}\n    {% set que_doc = frappe.get_doc('Exit Questionnaire', doc.reference_document_name) %}\n    {% set question_fourth = frappe.get_meta('Exit Questionnaire').get_field('q4').label %}\n    {% set question_f_first = frappe.get_meta('Exit Questionnaire').get_field('q4_c1').label %}\n    {% set question_f_second = frappe.get_meta('Exit Questionnaire').get_field('q4_c2').label %}\n    {% set question_f_third = frappe.get_meta('Exit Questionnaire').get_field('q4_c3').label %}\n    {% set question_f_fourth = frappe.get_meta('Exit Questionnaire').get_field('q4_c4').label %}\n    {% set question_f_fifth = frappe.get_meta('Exit Questionnaire').get_field('q4_c5').label %}\n    {% set question_f_fifth_value = que_doc.q4_c5 %}\n\n    <section class=\"sectionfourth\">\n        <div class=\"newquestion\">\n            {{ question_fourth }}\n            <table style=\"width: 100%; border-collapse: collapse;\" class=\"tablesecond\">\n                <tr>\n                     <td style=\"width:50%;\">\n                         <input type=\"checkbox\" id=\"checkbox2\" name=\"checkbox2\" style=\"vertical-align: middle;\">\n                         <label for=\"checkbox2\" style=\"vertical-align: middle; display: inline;\">{{ question_f_first }}</label>\n                     </td>\n                     {% if question_f_fifth_value %}\n                        <td rowspan=\"4\">\n                            <p><b>{{ question_f_fifth }}</b></p>\n                            <p style=\"font-size:12px !important; white-space: pre-line;\">{{ question_f_fifth_value | safe }}</p>\n                        </td>\n                    {% else %}\n                        <td rowspan=\"4\"></td>\n                    {% endif %}\n                </tr>\n                <tr>\n                    <td>\n                        <input type=\"checkbox\" id=\"checkbox2\" name=\"checkbox2\" style=\"vertical-align: middle;\">\n                        <label for=\"checkbox2\" style=\"vertical-align: middle; display: inline;\">{{ question_f_second }}</label>\n                    </td>\n               </tr>\n               <tr>\n                        <td>\n                            <input type=\"checkbox\" id=\"checkbox2\" name=\"checkbox2\" style=\"vertical-align: middle;\">\n                            <label for=\"checkbox2\" style=\"vertical-align: middle; display: inline;\">{{ question_f_third }}</label>\n                        </td>\n                </tr>\n                <tr>\n                    <td>\n                        <input type=\"checkbox\" id=\"checkbox2\" name=\"checkbox2\" style=\"vertical-align: middle;\">\n                        <label for=\"checkbox2\" style=\"vertical-align: middle; display: inline;\">{{ question_f_fourth }}</label>\n                    </td>\n            </tr>\n            </table>\n        </div>\n    </section>\n{% endif %}\n{% if doc.reference_document_name %}\n    {% set que_doc = frappe.get_doc('Exit Questionnaire', doc.reference_document_name) %}\n    {% set question_five = frappe.get_meta('Exit Questionnaire').get_field('q5').label %}\n    {% set question_f_first = frappe.get_meta('Exit Questionnaire').get_field('q5_c1').label %}\n    {% set question_f_second = frappe.get_meta('Exit Questionnaire').get_field('q5_c2').label %}\n    {% set question_f_third = frappe.get_meta('Exit Questionnaire').get_field('q5_c3').label %}\n    {% set question_f_third_value = que_doc.q5_c3 %}\n\n    <section class=\"section\">\n        <div class=\"newquestion\">\n            {{ question_five }}\n            <table style=\"width: 100%; border-collapse: collapse;\" class=\"tablesecond\">\n                <tr>\n                     <td style=\"width:50%;\">\n                         <input type=\"checkbox\" id=\"checkbox2\" name=\"checkbox2\" style=\"vertical-align: middle;\">\n                         <label for=\"checkbox2\" style=\"vertical-align: middle; display: inline;\">{{ question_f_first }}</label>\n                     </td>\n                     <td>\n                         <input type=\"checkbox\" id=\"checkbox2\" name=\"checkbox2\" style=\"vertical-align: middle;\">\n                         <label for=\"checkbox2\" style=\"vertical-align: middle; display: inline;\">{{ question_f_second }}</label>\n                     </td>\n                </tr>\n                <tr>\n                    {% if question_f_third_value %}\n                        <td rowspan=\"4\">\n                            <p class=\"question_f_third_question question_f_third\">{{ question_f_third }}</p>\n                            <p class=\"question_f_third\" style=\"font-size:12px !important; white-space: pre-line;\">{{ question_f_third_value | safe }}</p>\n                        </td>\n                    {% else %}\n                        <td rowspan=\"4\"></td>\n                    {% endif %}\n                    <td>\n                    </td>\n               </tr>\n            </table>\n        </div>\n    </section>\n{% endif %}\n{% if doc.reference_document_name %}\n    {% set que_doc = frappe.get_doc('Exit Questionnaire', doc.reference_document_name) %}\n    {% set question_six = frappe.get_meta('Exit Questionnaire').get_field('q6').label %}\n    {% set question_six_value = que_doc.q6_c1 %}\n\n    <section class=\"section\">\n        <div class=\"newquestion\">\n            {{ question_six }}\n            {% if question_six_value %}            \n                    <p class=\"question_f_third\" style=\"font-size:12px !important; white-space: pre-line;\">{{ question_six_value | safe }}</p>\n            {% else %}\n            <p class=\"question_f_third\" style=\"font-size:12px !important; white-space: pre-line;\">No answer available</p>\n            {% endif %}\n        </div>\n    </section>\n{% endif %}\n{% if doc.reference_document_name %}\n    {% set que_doc = frappe.get_doc('Exit Questionnaire', doc.reference_document_name) %}\n    {% set question_seven = frappe.get_meta('Exit Questionnaire').get_field('q7').label %}\n    {% set question_s_first = frappe.get_meta('Exit Questionnaire').get_field('q7_c1').label %}\n    {% set question_s_second = frappe.get_meta('Exit Questionnaire').get_field('q7_c2').label %}\n\n    <section class=\"section\">\n        <div class=\"newquestion\">\n            {{ question_seven }}\n            <table style=\"width: 100%; border-collapse: collapse;\" class=\"tablesecond\">\n                <tr>\n                     <td style=\"width:50%;\">\n                         <input type=\"checkbox\" id=\"checkbox2\" name=\"checkbox2\" style=\"vertical-align: middle;\">\n                         <label for=\"checkbox2\" style=\"vertical-align: middle; display: inline;\">{{ question_s_first }}</label>\n                     </td>\n                     <td>\n                         <input type=\"checkbox\" id=\"checkbox2\" name=\"checkbox2\" style=\"vertical-align: middle;\">\n                         <label for=\"checkbox2\" style=\"vertical-align: middle; display: inline;\">{{ question_s_second }}</label>\n                     </td>\n                </tr>\n               </tr>\n            </table>\n        </div>\n    </section>\n{% endif %}\n{% if doc.reference_document_name %}\n    {% set que_doc = frappe.get_doc('Exit Questionnaire', doc.reference_document_name) %}\n    {% set question_eight = frappe.get_meta('Exit Questionnaire').get_field('q8').label %}\n    {% set question_e_first = frappe.get_meta('Exit Questionnaire').get_field('q8_o1').label %}\n    {% set question_e_first_value = que_doc.q8_o1 %}\n    {% set question_e_second = frappe.get_meta('Exit Questionnaire').get_field('q8_o2').label %}\n    {% set question_e_second_value = que_doc.q8_o2 %}\n    {% set question_e_third = frappe.get_meta('Exit Questionnaire').get_field('q8_o3').label %}\n    {% set question_e_third_value = que_doc.q8_o3 %}\n    {% set question_e_fourth = frappe.get_meta('Exit Questionnaire').get_field('q8_o4').label %}\n    {% set question_e_fourth_value = que_doc.q8_o4 %}\n    {% set question_e_fifth = frappe.get_meta('Exit Questionnaire').get_field('q8_o5').label %}\n    {% set question_e_fifth_value = que_doc.q8_o5 %}\n    {% set question_e_six = frappe.get_meta('Exit Questionnaire').get_field('q8_o6').label %}\n    {% set question_e_six_value = que_doc.q8_o6 %}\n    {% set question_e_seven = frappe.get_meta('Exit Questionnaire').get_field('q8_s1').label %}\n    {% set question_e_seven_value = que_doc.q8_s1 %}\n    {% set question_e_eight = frappe.get_meta('Exit Questionnaire').get_field('q8_s2').label %}\n    {% set question_e_eight_value = que_doc.q8_s2 %}\n    {% set question_e_nine = frappe.get_meta('Exit Questionnaire').get_field('q8_s3').label %}\n    {% set question_e_nine_value = que_doc.q8_s3 %}\n    {% set question_e_ten = frappe.get_meta('Exit Questionnaire').get_field('q8_s4').label %}\n    {% set question_e_ten_value = que_doc.q8_s4 %}\n    {% set question_e_eleven = frappe.get_meta('Exit Questionnaire').get_field('q8_s5').label %}\n    {% set question_e_eleven_value = que_doc.q8_s5 %}\n\n    <section class=\"sectioneight\">\n        <div class=\"newquestioneight\">\n            {{ question_eight }}\n            <table style=\"width: 100%; table-layout: fixed;\">\n                <tr>\n                    <td >{{question_e_first}}: {{ question_e_first_value or '' }}</td>\n                    <td >{{question_e_second}}: {{ question_e_second_value or '' }}</td>\n                </tr>\n                <tr>\n                    <td >{{question_e_third}}: {{ question_e_third_value or '' }}</td>\n                    <td >{{question_e_fourth}}: {{ question_e_fourth_value or '' }}</td>\n                </tr>\n                <tr>\n                    <td >{{question_e_fifth}}: {{ question_e_fifth_value or '' }}</td>\n                    <td >{{question_e_six}}: {{ question_e_six_value or '' }}</td>\n                </tr>\n                <tr>\n                    <td >{{question_e_seven}}: {{ question_e_seven_value or '' }}</td>\n                    <td >{{question_e_eight}}: {{ question_e_eight_value or '' }}</td>\n                </tr>\n                <tr>\n                    <td >{{question_e_nine}}: {{ question_e_nine_value or '' }}</td>\n                    <td >{{question_e_ten}}: {{ question_e_ten_value or '' }}</td>\n                </tr>\n                <tr>\n                    <td >{{question_e_eleven}}: {{ question_e_eleven_value or '' }}</td>\n                </tr>\n            </table>\n        </div>\n    </section>\n{% endif %}\n{% if doc.reference_document_name %}\n    {% set que_doc = frappe.get_doc('Exit Questionnaire', doc.reference_document_name) %}\n    {% set question_nine = frappe.get_meta('Exit Questionnaire').get_field('q9').label %}\n    {% set question_n_first = frappe.get_meta('Exit Questionnaire').get_field('q9_s1').label %}\n    {% set question_n_first_value = que_doc.q9_s1 %}\n    {% set question_n_second = frappe.get_meta('Exit Questionnaire').get_field('q9_s2').label %}\n    {% set question_n_second_value = que_doc.q9_s2 %}\n\n    <section class=\"sectioneight\">\n        <div class=\"newquestion\">\n            {{ question_nine }}\n            <table style=\"width: 100%; table-layout: fixed;\">\n                <tr>\n                    <td style=\"width: 48%; padding-right: 10px;\"><b>{{question_n_first}}</b> {{ question_n_first_value or '' }}</td>\n                    <td style=\"width: 48%; padding-left: 10px;\"><b>{{question_n_second}}</b> {{ question_n_second_value or '' }}</td>\n                </tr>\n            </table>\n        </div>\n    </section>\n{% endif %}\n{% if doc.reference_document_name %}\n    {% set que_doc = frappe.get_doc('Exit Questionnaire', doc.reference_document_name) %}\n    {% set question_ten = frappe.get_meta('Exit Questionnaire').get_field('q10').label %}\n    {% set question_ten_value = que_doc.q10_s1 %}\n\n    <section class=\"section\">\n        <div class=\"newquestion\">\n            {{ question_ten }}\n            {% if question_ten_value %}            \n                    <p class=\"question_f_third\" style=\"font-size:12px !important; white-space: pre-line;\">{{ question_ten_value | safe }}</p>\n            {% else %}\n            <p class=\"question_f_third\" style=\"font-size:12px !important; white-space: pre-line;\">No answer available</p>\n            {% endif %}\n        </div>\n    </section>\n{% endif %}\n{% if doc.reference_document_name %}\n    {% set que_doc = frappe.get_doc('Exit Questionnaire', doc.reference_document_name) %}\n    {% set question_eleven = frappe.get_meta('Exit Questionnaire').get_field('q11').label %}\n    {% set question_eleven_value = que_doc.q11_s1 %}\n\n    <section class=\"section\">\n        <div class=\"newquestion\">\n            {{ question_eleven }}\n            {% if question_eleven_value %}            \n                    <p class=\"question_f_third\" style=\"font-size:12px !important; white-space: pre-line;\">{{ question_eleven_value | safe }}</p>\n            {% else %}\n            <p class=\"question_f_third\" style=\"font-size:12px !important; white-space: pre-line;\">No answer available</p>\n            {% endif %}\n        </div>\n    </section>\n{% endif %}",
 "idx": 0,
 "line_breaks": 0,
 "margin_bottom": 15.0,
 "margin_left": 15.0,
 "margin_right": 15.0,
 "margin_top": 15.0,
 "modified": "2024-08-22 11:19:09.739590",
 "modified_by": "Administrator",
 "module": "Mumal HR",
 "name": "Exit Interview",
 "owner": "Administrator",
 "page_number": "Hide",
 "print_format_builder": 0,
 "print_format_builder_beta": 0,
 "print_format_type": "Jinja",
 "raw_printing": 0,
 "show_section_headings": 0,
 "standard": "Yes"
}