{
 "_liked_by": "[\"Administrator\"]",
 "actions": [],
 "allow_rename": 1,
 "creation": "2024-07-09 12:17:36.818138",
 "doctype": "DocType",
 "editable_grid": 1,
 "engine": "InnoDB",
 "field_order": [
  "name1",
  "designation",
  "organization",
  "column_break_s9ywz",
  "contact_no",
  "address"
 ],
 "fields": [
  {
   "fieldname": "name1",
   "fieldtype": "Data",
   "in_list_view": 1,
   "label": "Name"
  },
  {
   "fieldname": "designation",
   "fieldtype": "Link",
   "in_list_view": 1,
   "label": "Designation",
   "options": "Designation"
  },
  {
   "fieldname": "organization",
   "fieldtype": "Data",
   "in_list_view": 1,
   "label": "Organization"
  },
  {
   "fieldname": "contact_no",
   "fieldtype": "Int",
   "in_list_view": 1,
   "label": "Contact No"
  },
  {
   "fieldname": "address",
   "fieldtype": "Small Text",
   "label": "Address"
  },
  {
   "fieldname": "column_break_s9ywz",
   "fieldtype": "Column Break"
  }
 ],
 "index_web_pages_for_search": 1,
 "istable": 1,
 "links": [],
 "modified": "2024-07-09 12:24:15.487261",
 "modified_by": "Administrator",
 "module": "Mumal HR",
 "name": "Reference Details",
 "owner": "Administrator",
 "permissions": [],
 "sort_field": "modified",
 "sort_order": "DESC",
 "states": []
}