{
 "actions": [],
 "allow_rename": 1,
 "creation": "2024-08-05 11:41:43.275017",
 "doctype": "DocType",
 "editable_grid": 1,
 "engine": "InnoDB",
 "field_order": [
  "specific_area",
  "elaborate_the_requirement",
  "targeted_group_name_of_employee",
  "employee_name",
  "column_break_tv6er",
  "urgency_scale_1",
  "urgency_scale_2",
  "urgency_scale_3",
  "urgency_scale_4",
  "trainer_external_internal",
  "deadline"
 ],
 "fields": [
  {
   "columns": 1,
   "fieldname": "specific_area",
   "fieldtype": "Data",
   "in_list_view": 1,
   "label": "Specific Area"
  },
  {
   "columns": 2,
   "fieldname": "elaborate_the_requirement",
   "fieldtype": "Data",
   "in_list_view": 1,
   "label": "Elaborate the Requirement"
  },
  {
   "columns": 1,
   "fieldname": "targeted_group_name_of_employee",
   "fieldtype": "Link",
   "in_list_view": 1,
   "label": "Targeted group (Name of Employee)",
   "options": "Employee"
  },
  {
   "columns": 1,
   "default": "0",
   "fieldname": "urgency_scale_1",
   "fieldtype": "Check",
   "in_list_view": 1,
   "label": "(1) Urgency scale"
  },
  {
   "columns": 1,
   "default": "0",
   "fieldname": "urgency_scale_2",
   "fieldtype": "Check",
   "in_list_view": 1,
   "label": "(2) Urgency scale"
  },
  {
   "columns": 1,
   "default": "0",
   "fieldname": "urgency_scale_3",
   "fieldtype": "Check",
   "in_list_view": 1,
   "label": "(3) Urgency scale"
  },
  {
   "columns": 1,
   "default": "0",
   "fieldname": "urgency_scale_4",
   "fieldtype": "Check",
   "in_list_view": 1,
   "label": "(4) Urgency scale"
  },
  {
   "columns": 1,
   "fieldname": "trainer_external_internal",
   "fieldtype": "Data",
   "in_list_view": 1,
   "label": "Trainer (External / Internal)"
  },
  {
   "columns": 1,
   "fieldname": "deadline",
   "fieldtype": "Date",
   "in_list_view": 1,
   "label": "Deadline"
  },
  {
   "fieldname": "column_break_tv6er",
   "fieldtype": "Column Break"
  },
  {
   "fetch_from": "targeted_group_name_of_employee.employee_name",
   "fieldname": "employee_name",
   "fieldtype": "Data",
   "label": "Employee Name"
  }
 ],
 "index_web_pages_for_search": 1,
 "istable": 1,
 "links": [],
 "modified": "2024-08-05 12:01:58.598498",
 "modified_by": "Administrator",
 "module": "Mumal HR",
 "name": "Details of Training Performance",
 "owner": "Administrator",
 "permissions": [],
 "sort_field": "modified",
 "sort_order": "DESC",
 "states": []
}