{
 "_liked_by": "[\"Administrator\"]",
 "absolute_value": 0,
 "align_labels_right": 0,
 "creation": "2024-07-09 18:43:31.747970",
 "css": ".flex-container {\n    \n    display: flex;\n\n}\n.line-height{\n    line-height: 1.7;\n}\n.sectionmargin {\n    margin-left: 20px;\n    margin-right: 20px;\n}",
 "custom_format": 1,
 "default_print_language": "en",
 "disabled": 0,
 "doc_type": "Employee",
 "docstatus": 0,
 "doctype": "Print Format",
 "font_size": 14,
 "html": "<div style='font-size:12px;'>\n\n    <div class=\"flex-container\" style=\"display: flex; justify-content: space-between;\">\n        <div>\n            <p><b>Form A</b></p>\n            <p><b>SCHEDULE |See Rule 2(1)|</b></p>\n        </div>\n    </div>\n    \n    <div align='center'>\n        <p><b>EMPLOYEE REGISTER</b></p>\n        <p>[Part-A : For all Establishments]</p>\n    </div><br><br>\n    \n    <div class=\"flex-container sectionmargin\" style=\"display: flex; justify-content: space-between;\" >\n        <div>\n            <p>Name of the Establishment: <u>{{ doc.company or ' ' }}</u> <br>\n            Name of Owner: _________________ <br>\n            LIN: _________________</p>\n        </div>\n      \n        {% if doc.image %}\n        <div class=\"text-center\" style=\"border: 1px solid black; width: 202px; height: 172px; padding: 0; box-sizing: border-box; display: inline-block; position: relative;\">\n            <img src=\"{{ doc.image }}\" style=\"width: 100%; height: 100%; object-fit: cover; display: block; margin: 0; border: 1px solid black; box-sizing: border-box;\">\n        </div>\n        {% endif %}\n    </div>\n    \n    <div class='sectionmargin'>\n        <div><p class=\"line-height\">1. SL. No.:&nbsp;&nbsp;<u></u></p></div>\n        <div><p class=\"line-height\">2. Employee Code:&nbsp;&nbsp;<u>{{ doc.employee or ' ' }}</u></p></div>\n        <div><p class=\"line-height\">3. Name:&nbsp;&nbsp;<u>{{ doc.employee_name or ' ' }}</u></p></div>\n        <div><p class=\"line-height\">4. Surname:&nbsp;&nbsp;<u>{{ doc.last_name or ' ' }}</u></p></div>\n        <div><p class=\"line-height\">5. Gender:&nbsp;&nbsp;<u>{{ doc.gender or ' ' }}</u></p></div>\n        <div><p class=\"line-height\">6. Father's / Spouse Name:&nbsp;&nbsp;<u>{{ doc.middle_name or ' ' }}</u></p></div>\n        <div><p class=\"line-height\">7. Date of Birth:&nbsp;&nbsp;<u>{{ frappe.utils.get_datetime(doc.date_of_birth).strftime('%d-%m-%Y') or ' ' }}</u></p></div>\n        <div><p class=\"line-height\">8. Nationality:&nbsp;&nbsp;<u>{{ doc.custom_nationality or ' ' }}</u></p></div>\n        <div><p class=\"line-height\">9. Education Level:&nbsp;&nbsp;<u>{% for level in doc.education %}{% if level.idx == 1 %}{{ level.level }}{% endif %}{% endfor %}</u></p></div>\n        <div><p class=\"line-height\">10. Date of Joining:&nbsp;&nbsp;<u>{{ frappe.utils.get_datetime(doc.date_of_joining).strftime('%d-%m-%Y') or ' ' }}</u></p></div>\n        <div><p class=\"line-height\">11. Designation:&nbsp;&nbsp;<u>{{ doc.designation or ' ' }}</u></p></div>\n        <div><p class=\"line-height\">12. Category Address *(HS/ S/ SS / US):&nbsp;&nbsp;<u></u></p></div>\n        <div><p class=\"line-height\">13. Type Of Employment:&nbsp;&nbsp;<u>{{ doc.employment_type or ' ' }}</u></p></div>\n        <div><p class=\"line-height\">14. Mobile:&nbsp;&nbsp;<u>{{ doc.cell_number or ' ' }}</u></p></div>\n        <div><p class=\"line-height\">15. UAN:&nbsp;&nbsp;<u>{{ doc.uan_number or ' ' }}</u></p></div>\n        <div><p class=\"line-height\">16. PAN:&nbsp;&nbsp;<u>{{ doc.pan_number or ' ' }}</u></p></div>\n        <div><p class=\"line-height\">17. ESIC IP:&nbsp;&nbsp;<u>{{ doc.esi_number or ' ' }}</u></p></div>\n        <div><p class=\"line-height\">18. LWF:&nbsp;&nbsp;<u></u></p></div>\n        <div><p class=\"line-height\">19. ADHAAR:&nbsp;&nbsp;<u>{{ doc.aadhaar_number or ' ' }}</u></p></div>\n        <div><p class=\"line-height\">20. Bank A/c Number:&nbsp;&nbsp;<u>{{ doc.bank_ac_no or ' ' }}</u></p></div>\n        <div><p class=\"line-height\">21. Bank:&nbsp;&nbsp;<u>{{ doc.bank_name or ' ' }}</u></p></div>\n        <div><p class=\"line-height\">22. Branch (IFSC):&nbsp;&nbsp;<u>{{ doc.ifsc_code or ' ' }}</u></p></div>\n        <div><p class=\"line-height\">23. Present Address:&nbsp;&nbsp;<u>{{ doc.current_address or ' ' }}</u></p></div>\n        <div><p class=\"line-height\">24. Permanent:&nbsp;&nbsp;<u>{{ doc.permanent_address or ' ' }}</u></p></div>\n        <div><p class=\"line-height\">25. Service Book No.:&nbsp;&nbsp;<u></u></p></div>\n        <div><p class=\"line-height\">26. Date of Exit:&nbsp;&nbsp;<u>{{ frappe.utils.get_datetime(doc.relieving_date).strftime('%d-%m-%Y') or ' ' }}</u></p></div>\n        <div><p class=\"line-height\">27. Reason for Exit:&nbsp;&nbsp;<u>{{ doc.reason_for_leaving or ' ' }}</u></p></div>\n        <div><p class=\"line-height\">28. Mark of Identification:&nbsp;&nbsp;<u>{{ doc.identity_mark or ' ' }}</u></p></div>\n        <div><p class=\"line-height\">29. Specimen Signature / Thumb Impression:&nbsp;&nbsp;<u></u></p></div>\n        <div><p class=\"line-height\">30. Remarks:&nbsp;&nbsp;<u></u></p></div><br><br>\n        <div><p>*(Highly Skilled/Skilled/Semi Skilled/Un Skilled)</p></div>\n        <div><p>#Note: In case the age is between 14 to 18 years, mention the nature of work, daily hours of work and Intervals of rest in the remarks Column</p></div>\n    </div>\n    \n</div>\n",
 "idx": 0,
 "line_breaks": 0,
 "margin_bottom": 15.0,
 "margin_left": 15.0,
 "margin_right": 15.0,
 "margin_top": 15.0,
 "modified": "2024-08-14 17:32:27.893109",
 "modified_by": "Administrator",
 "module": "Mumal HR",
 "name": "FORM A",
 "owner": "Administrator",
 "page_number": "Hide",
 "print_format_builder": 0,
 "print_format_builder_beta": 0,
 "print_format_type": "Jinja",
 "raw_printing": 0,
 "show_section_headings": 0,
 "standard": "Yes"
}