{
 "_liked_by": "[\"Administrator\"]",
 "absolute_value": 0,
 "align_labels_right": 0,
 "creation": "2024-08-10 15:49:28.141256",
 "css": ".print-format td {\n    padding: 5px !important;\n    \n}\n\n.print-format th {\n    padding: 5px !important;\n    color: black;\n    \n}",
 "custom_format": 1,
 "default_print_language": "en",
 "disabled": 0,
 "doc_type": "Job Applicant",
 "docstatus": 0,
 "doctype": "Print Format",
 "font_size": 14,
 "html": "<h2 align='center'><u><b>BRIEF DETAILS</b></u></h2>\n<h3 align='center'><u><b>(INTERVIEW CANDIDATE)</b></u></h3>\n\n<section class=\"sectionmargin\">\n    <table style='border: 1px solid black; width: 100%; border-collapse: collapse;'>\n        <tr>\n            <td style='width: 50%; border-right: 1px solid black; word-wrap: break-word; overflow-wrap: break-word;'><b>Date:</b> {{ frappe.utils.get_datetime(frappe.utils.nowdate()).strftime('%d-%m-%Y') or \" \" }}</td>\n            <td style='width: 50%; word-wrap: break-word; overflow-wrap: break-word;'><b>Name of Candidate:</b> {{ doc.applicant_name or \" \" }}</td>\n        </tr>\n        <tr>\n            <td style='border-right: 1px solid black; word-wrap: break-word; overflow-wrap: break-word;'><b>Position Applied:</b> {{ doc.designation or \" \" }}</td>\n            <td style='word-wrap: break-word; overflow-wrap: break-word;'><b>Contact No:</b> {{ doc.phone_number or \" \" }}</td>\n        </tr>\n        <tr>\n            <td style='border-right: 1px solid black; word-wrap: break-word; overflow-wrap: break-word;'><b>Qualification:</b> {{ doc.custom_qualifications or \" \" }}</td>\n            <td style='word-wrap: break-word; overflow-wrap: break-word;'><b>Age:</b> {{ doc.custom_age or \" \" }}</td>\n        </tr>\n        <tr>\n            <td style='border-right: 1px solid black; word-wrap: break-word; overflow-wrap: break-word;'><b>Caste:</b> {{ doc.custom_caste or \" \" }}</td>\n            <td style='word-wrap: break-word; overflow-wrap: break-word;'><b>Category:</b> {{ doc.custom_category or \" \" }}</td>\n        </tr>\n        <tr>\n            <td style='border-right: 1px solid black; word-wrap: break-word; overflow-wrap: break-word;'><b>Total Experience:</b> {{ doc.custom_experience or \" \" }}</td>\n            <td style='word-wrap: break-word; overflow-wrap: break-word;'><b>Current Working:</b> {{ doc.custom_name_of_present_organization or \" \" }}</td>\n        </tr>\n        <tr>\n            <td style='border-right: 1px solid black; word-wrap: break-word; overflow-wrap: break-word;'><b>Company Reason Of Leaving:</b> {{ doc.custom_reason_of_leaving or \" \" }}</td>\n            <td style='word-wrap: break-word; overflow-wrap: break-word;'></td>\n        </tr>\n    </table>\n\n    <table style='border-left: 1px solid black; border-right: 1px solid black; border-bottom: 1px solid black; width: 100%; border-collapse: collapse; margin-top: 0; table-layout: fixed;'>\n        <tr style='border-bottom: 1px solid black;'>\n            <td style='word-wrap: break-word; overflow: hidden; text-overflow: ellipsis;' height='90px'><b>Present Address:</b> <br>{{ doc.custom_current_address or \" \" }}</td>\n        </tr>\n        <tr>\n            <td style='word-wrap: break-word; overflow: hidden; text-overflow: ellipsis;' height='90px'><b>Permanent Address:</b> <br>{{ doc.custom_permanent_address or \" \" }}</td>\n        </tr>\n    </table>\n\n    \n<table width=\"100%\" style=\"border-bottom: 1px solid black; border-left: 1px solid black; border-right: 1px solid black; margin-bottom: 20px;\">\n    <tr>\n        <td colspan=\"3\" style='border-right: 1px solid black;'><b>Family Background & Occupation:</b></td>\n    </tr>\n    <tr>\n        <td colspan=\"3\" style='border-right: 1px solid black;'> \n            <table border=\"1\" width=\"100%\" style=\"border-collapse: collapse;\">\n                <thead>\n                    <tr>\n                        <th style=\"font-weight: bold;\">Relation</th>\n                        <th style=\"font-weight: bold;\">Name</th>\n                        <th style=\"font-weight: bold;\">Occupation</th>\n                    </tr>\n                </thead>\n                <tbody>\n                    {% set default_rows = 3 %}\n                    {% set num_rows = doc.custom_family_members_details | length %}\n                    \n                    {% for i in range(max(default_rows, num_rows)) %}\n                        {% if i < num_rows %}\n                            <tr>\n                                <td>{{ doc.custom_family_members_details[i].relation or \"\" }}</td>\n                                <td>{{ doc.custom_family_members_details[i].name1 or \"\" }}</td>\n                                <td>{{ doc.custom_family_members_details[i].occupation or \"\" }}</td>\n                            </tr>\n                        {% else %}\n                            <tr>\n                                <td height='30px'></td>\n                                <td></td>\n                                <td></td>\n                            </tr>\n                        {% endif %}\n                    {% endfor %}\n                </tbody>\n            </table>\n        </td>\n    </tr>\n\n    <tr style='border-top: 1px solid black; border-bottom: 1px solid black;'>\n        <td style='border-right: 1px solid black;'>\n            <b>Current Salary:</b> {{ doc.custom_current_salary or \" \" }}<br><br>\n            <b>Reference By Any:</b> {{ doc.custom_reference_by or \" \" }}\n        </td>\n    </tr>\n    <tr>\n        <td style='border-right: 1px solid black;'>\n            <b>Salary Expectation:</b> {{ doc.lower_range }} - {{ doc.upper_range }}<br><br>\n            <b>Notice Period:</b> {{ doc.custom_notice_period or \" \" }}\n        </td>\n    </tr>\n    <tr style='border-top: 1px solid black;'>\n        <td style='border-right: 1px solid black;' height='80px'><b>Any Other Critical Relevant Information:</b> {{ doc.custom_any_other_critical_relevant_information or \" \" }}</td>\n    </tr>\n</table>\n\n<br><br><br><br>\n<div align='right'>\n    <p><b>Signature</b></p>\n</div>\n</section>\n",
 "idx": 0,
 "line_breaks": 0,
 "margin_bottom": 15.0,
 "margin_left": 15.0,
 "margin_right": 15.0,
 "margin_top": 15.0,
 "modified": "2024-08-14 14:57:11.181256",
 "modified_by": "Administrator",
 "module": "Mumal HR",
 "name": "Applicant Details",
 "owner": "Administrator",
 "page_number": "Hide",
 "print_format_builder": 0,
 "print_format_builder_beta": 0,
 "print_format_type": "Jinja",
 "raw_printing": 0,
 "show_section_headings": 0,
 "standard": "Yes"
}