{
 "_liked_by": "[\"Administrator\"]",
 "absolute_value": 0,
 "align_labels_right": 0,
 "creation": "2024-08-10 15:49:27.853243",
 "css": ".sectionmargin {\n    margin-left: 5%;\n    margin-right: 5%;\n    \n}\n.print-format td {\n   \n    padding: 5px !important;\n}\n.flex-container {\n    width: 100%;\n    \n}\n.flex-container .left-side {\n    display: inline-block;\n    width: 50%; /* Takes up half the width */\n    text-align: left; /* Aligns the text to the left */\n}\n.flex-container .right-side {\n    display: inline-block;\n    width: 50%; /* Takes up half the width */\n    text-align: right; /* Aligns the text to the right */\n}\n.print-format .row:not(.section-break) {\n    line-height:1.6;\n    margin-top: 0px !important;\n}\n@media (min-width: 768px){\n.container {\n    width: 500px;\n    height: 20px;\n}\n}\n",
 "custom_format": 1,
 "default_print_language": "en",
 "disabled": 0,
 "doc_type": "Employee",
 "docstatus": 0,
 "doctype": "Print Format",
 "font_size": 14,
 "html": "<div class='sectionmargin'>\n    <h3 class=\"text-center\">FORM 'F'</h3>\n    <p class=\"text-center\" style=\"line-height: 1.5;\">[See sub-rule(1) of rule 6]</p>\n    <p class=\"text-center\" style=\"line-height: 1.5;\">Nomination</p>\n    \n    <p>To  <span style=\"border-bottom: 1px solid black; display: inline-block; width: 585px; line-height: 1.5;\">{{ doc.company or '' }} - {{ doc.branch or '' }}</span></p>\n    <p class=\"text-center\" style=\"line-height: 2;\">[Give here name or description of the establishment with full address]</p>\n    \n    \n    <p>I, Shri/ Shrimati/ Kumari <span style=\"border-bottom: 1px solid black; display: inline-block; width: 455px; line-height: 1.5;\">{{ doc.employee_name or '' }}</span></p>\n    <p class=\"text-center\" style=\"line-height: 1.5;\">[Name in full here]</p>\n    \n    \n    \n    <p class=\"text-justify\" style=\"line-height: 1.5;\">hereby nominate the person(s) mentioned below to receive the gratuity payable after my death as also the gratuity standing to my credit in the event of my death before that amount has become payable, or having become payable has not been paid and direct that the said amount of gratuity shall be paid in proportion indicated against the name(s) of the nominee(s).</p>\n    <br>\n    <ol>\n        <li class=\"text-justify\">\n            I hereby certify that the person(s) mentioned is a/are member(s) of my family with in the meaning of clause (h) of section (2) of the Payment of Gratuity Act, 1972.\n        </li><br>\n        <li class=\"text-justify\">\n            I hereby declare that I have no family within the meaning of clause (h) of section (2) of the said Act.\n        </li><br>\n        <li class=\"text-justify\">\n            (a) My father/ mother/ parent is/are not dependant on me.\n            <br>\n            (b) My husband's father/ mother/ parents is/are not dependant on my husband.\n        </li><br>\n        <li class=\"text-justify\">\n            I have excluded my husband from my family by a notice date the _______________________ to the controlling authority in terms of the proviso to clause (h) of section 2 of the said Act.\n        </li><br>\n        <li class=\"text-justify\">\n            Nomination made herein in validates my previous nomination.\n        </li>\n    </ol><br>\n    \n    <p class=\"text-center\"><b>Nominee(S)</b></p>\n    <br>\n    <table>\n        <tr>\n          <td class=\"text-justify\" style=\"border-top:1px solid black;border-bottom:1px solid black;font-size:12px;width:400px\">Name in full with full address of nominee(s)</td>\n          <td class=\"text-justify\" style=\"border:1px solid black;font-size:12px;width:150px\">Relationship with the employee</td>\n          <td class=\"text-justify\" style=\"border:1px solid black;font-size:12px;width:100px\">Age of Nominee</td>\n          <td class=\"text-justify\" style=\"border-top:1px solid black;border-bottom:1px solid black;font-size:12px;width:200px\">Proportion by which the gratuity will be shared</td>\n        </tr>\n        \n       {% set row_count = doc.nominee_details|length %}\n        {% for row in doc.nominee_details %}\n            <tr>\n                \n                <td class=\"text-justify\" style=\"border-top:1px solid black;border-bottom:1px solid black;font-size:12px;\">{{ row.idx or '' }}. {{ row.name1 or '' }}<br>&nbsp;&nbsp;&nbsp;&nbsp;{{ row.address or '' }}</td>\n                <td class=\"text-justify\" style=\"border:1px solid black;font-size:12px;\">{{ row.relationship_with_the_employee or '' }}</td>\n                <td class=\"text-justify\" style=\"border:1px solid black;font-size:12px;\">{{ row.age_of_nominee or '' }}</td>\n                <td class=\"text-justify\" style=\"border-top:1px solid black;border-bottom:1px solid black;font-size:12px;\">{{ row.percentage or '' }}</td>\n            </tr>\n        {% endfor %}\n        {% for _ in range(3 - row_count) %}\n            <tr>\n                \n                <td class=\"text-justify\" style=\"border-top:1px solid black;border-bottom:1px solid black;font-size:12px;\">&nbsp;</td>\n                <td class=\"text-justify\" style=\"border:1px solid black;font-size:12px;\">&nbsp;</td>\n                <td class=\"text-justify\" style=\"border:1px solid black;font-size:12px;\">&nbsp;</td>\n                <td class=\"text-justify\" style=\"border-top:1px solid black;border-bottom:1px solid black;font-size:12px;\">&nbsp;</td>\n            </tr>\n        {% endfor %}\n\n      \n    </table>\n    <br>\n    <p class=\"text-center\" ><b>Statement</b></p>\n    <ol style='line-height: 2.6;'>\n        <li>\n            Name of employee in full: <span style=\"border-bottom: 1px solid black; display: inline-block; width: 412px; text-align: left; line-height: 1.5;\">{{ doc.employee_name or '' }}</span>\n        </li>\n        <li>\n            Sex: <span style=\"border-bottom: 1px solid black; display: inline-block; width: 539px; text-align: left; line-height: 1.5;\">{{ doc.gender or '' }}</span>\n        </li>\n        <li>\n            Religion: <span style=\"border-bottom: 1px solid black; display: inline-block; width: 513px; text-align: left; line-height: 1.5;\"></span>\n        </li>\n        <li>\n            Whether unmarried/married/widow/widower: <span style=\"border-bottom: 1px solid black; display: inline-block; width: 286px; text-align: left; line-height: 1.5;\"></span>\n        </li>\n        <li>\n            Department/Branch/Section where employed: <span style=\"border-bottom: 1px solid black; display: inline-block; width: 286px; text-align: left; line-height: 1.5;\"></span>\n        </li>\n        <li>\n            Post held with Ticket or Serial No., if any: <span style=\"border-bottom: 1px solid black; display: inline-block; width: 317px; text-align: left; line-height: 1.5;\"></span>\n        </li>\n        <li>\n            Date of appointment: <span style=\"border-bottom: 1px solid black; display: inline-block; width: 425px; text-align: left; line-height: 1.5;\"></span>\n        </li>\n        <li>\n            Permanent address: <span style=\"border-bottom: 1px solid black; display: inline-block; width: 429px; text-align: left; line-height: 1.5;\"></span>\n        </li>\n    </ol>\n\n\n    \n    <p >Village _______________ Thana _______________ Sub-division ________________ Post Office ________________</p><br>\n    \n    \n    <table style=\"width: 100%;\">\n        <tr>\n            <td style=\"text-align: left;\">Place<br>Date:</td>\n            <td style=\"text-align: right;\">Signature/ Thumb impression<br>of the employee</td>\n        </tr>\n    </table>\n\n\n    <br><br><br>\n    \n    <p class=\"text-center\" ><b><i>Declaration by witnesses</i></b></p>\n    <br>\n    <p>Nomination signed/ thumb impressed before me.</p>\n    \n    <table>\n        <tr>\n            <td style=\"text-align: left; width: 500px;\">Name in full and full address of witnesss</td>\n            <td style=\"text-align: right; width:500px;\">Signature of witnesses</td>\n        </tr>\n        <tr>\n            <td width='70%' style=\"text-align: left;\">1.</td>\n            <td width='40%' style=\"text-align: left; \">1.</td>\n        </tr>\n        <tr>\n            <td style=\"text-align: left; \">2.</td>\n            <td style=\"text-align: left; \">2.</td>\n        </tr>\n        \n    </table>\n    \n\n    <br><br><br><br>\n    <p class=\"text-center\"><b><i>Certificate by the employer</i></b></p>\n    <br>\n    <p>Certified that the particulars of the above nomination have been verified and recorded in this establishment.</p>\n    <br>\n    <table>\n    <tr>\n        <td width='60%' style='padding-bottom:50px;'>Employer's Reference No., if any</td>\n        <td width='40%' style='padding-bottom:50px;'>Signature of the employer/Officer authorized designation</td>\n    </tr>\n    \n    <tr style=\"border-top:50px solid transparent;\">\n        <td width='60%'>Date</td>\n        <td width='40%'>Name and address of the Establishment or rubber stamp<br>thereof.</td>\n    </tr>\n</table>\n\n    <br><br><br><br><br>\n    <p class=\"text-center\"><b><i>Acknowledgement by the employee</i></b></p>\n    <br>\n    <p>Received the duplicate copy of nomination in Form 'F' filed by me and duly certified by the employer.</p>\n    <br>\n    \n    \n    <table style=\"width: 100%;\">\n    <tr>\n        <td style=\"width: 70%; text-align: left;\">Date</td>\n        <td style=\"width: 30%; text-align: left;\">Signature of the employee</td>\n    </tr>\n</table>\n\n\n\n    \n\n</div>\n\n\n\n\n\n\n\n",
 "idx": 0,
 "line_breaks": 0,
 "margin_bottom": 15.0,
 "margin_left": 15.0,
 "margin_right": 15.0,
 "margin_top": 15.0,
 "modified": "2024-08-14 17:04:27.845795",
 "modified_by": "Administrator",
 "module": "Mumal HR",
 "name": "Gratuity Form F Nomination",
 "owner": "Administrator",
 "page_number": "Hide",
 "print_format_builder": 0,
 "print_format_builder_beta": 0,
 "print_format_type": "Jinja",
 "raw_printing": 0,
 "show_section_headings": 0,
 "standard": "Yes"
}