{
 "_liked_by": "[\"Administrator\"]",
 "absolute_value": 0,
 "align_labels_right": 0,
 "creation": "2024-08-10 15:49:28.476086",
 "css": "",
 "custom_format": 1,
 "default_print_language": "en",
 "disabled": 0,
 "doc_type": "Training Need Identification",
 "docstatus": 0,
 "doctype": "Print Format",
 "font_size": 14,
 "html": "<table style=\"border-collapse: collapse; width: 100%;\">\n    <tr style='font-size: 18px; border: 1px solid black;'>\n        <td align='center' style=\"border: 1px solid black;\"><b>{{ doc.company or '' }}</b></td>\n    </tr>\n    <tr style='font-size: 18px; border: 1px solid black;'>\n        <td align='center' style=\"border: 1px solid black;\"><b>Training Need Identification Sheet</b></td>\n    </tr>\n    <tr>\n        <td colspan='2' style=\"border: 1px solid black;\"></td>\n    </tr>\n    <tr style='font-size: 17px; border: 1px solid black;'>\n        <td colspan='2' style=\"border: 1px solid black;\"><b>Department: </b>{{ doc.department or '' }}</td>\n    </tr>\n</table>\n\n\n<table border=\"1\" width=\"100%\" style=\"margin-top: 10px; color:black; font-size: 17px;\">\n    <tr>\n        <th style='color:black; font-weight: bold;'>Sr. No.</th>\n        <th style='color:black; font-weight: bold;'>Specific Area</th>\n        <th style='color:black; font-weight: bold;'>Elaborate the Requirement</th>\n        <th style='color:black; font-weight: bold;'>Targeted Group (Name of Employee)</th>\n        <th colspan='4' style='color:black; font-weight: bold;'>Urgency Scale</th>\n        <th style='color:black; font-weight: bold;'>Trainer (External / Internal)</th>\n        <th style='color:black; font-weight: bold;'>Deadline</th>\n    </tr>\n    <tr>\n        <th></th>\n        <th></th>\n        <th></th>\n        <th></th>\n        <th style='color:black; font-weight: bold;'>1</th>\n        <th style='color:black; font-weight: bold;'>2</th>\n        <th style='color:black; font-weight: bold;'>3</th>\n        <th style='color:black; font-weight: bold;'>4</th>\n        <th></th>\n        <th></th>\n    </tr>\n    {%- for row in doc.training_performance %}\n    <tr>\n        <td>{{ row.idx }}</td>\n        <td>{{ row.specific_area or '' }}</td>\n        <td>{{ row.elaborate_the_requirement or '' }}</td>\n        <td>{{ row.targeted_group_name_of_employee or '' }}</td>\n        <td>{% if row.urgency_scale_1 %} \u2714 {% endif %}</td>\n        <td>{% if row.urgency_scale_2 %} \u2714 {% endif %}</td>\n        <td>{% if row.urgency_scale_3 %} \u2714 {% endif %}</td>\n        <td>{% if row.urgency_scale_4 %} \u2714 {% endif %}</td>\n        <td>{{ row.trainer_external_internal or '' }}</td>\n        <td>{{ frappe.utils.formatdate(row.deadline, \"dd-MM-yyyy\") }}</td>\n    </tr>\n    \n    {%- endfor %}\n</table><br>\n\n<div style='font-size: 17px;'>\n    <ul>\n        <b><li>Urgency Scale</li></b>\n        <p>\n        {%- for line in doc.urgency_scale.split('\\n') %}\n            {{ line }}<br>\n        {%- endfor %}\n        </p>\n    </ul><br>\n\n    <table style=\"width: 100%; border-collapse: collapse;\">\n        <tr>\n            <td style=\"width: 50%;\"><b>Training Need Identification By:</b></td>\n            <td style=\"width: 50%; text-align: right;\"><b>HR Department</b></td>\n        </tr>\n        \n        <tr>\n            <td><b>Name:</b> {{ doc.custom_employee_name or '' }}</td>\n            <td style=\"text-align: right;\"><b>Receiving Date: &nbsp;&nbsp;&nbsp;&nbsp;&nbsp;&nbsp;&nbsp;&nbsp;&nbsp;&nbsp;&nbsp;&nbsp;&nbsp;&nbsp;</b> </td>\n        </tr>\n        \n        <tr style=\"text-align: left;\">\n            <td ><b>Signature:</b> </td>\n        </tr>\n        \n        <tr>\n            <td><b>Date:</b> {{ frappe.utils.formatdate(doc.date, \"dd-MM-yyyy\") or '' }}</td>\n        </tr>\n        \n    </table>\n</div>\n\n\n\n\n\n\n\n\n",
 "idx": 0,
 "line_breaks": 0,
 "margin_bottom": 15.0,
 "margin_left": 15.0,
 "margin_right": 15.0,
 "margin_top": 15.0,
 "modified": "2024-08-14 10:49:31.523525",
 "modified_by": "Administrator",
 "module": "Mumal HR",
 "name": "Training Need Identification",
 "owner": "Administrator",
 "page_number": "Hide",
 "print_format_builder": 0,
 "print_format_builder_beta": 0,
 "print_format_type": "Jinja",
 "raw_printing": 0,
 "show_section_headings": 0,
 "standard": "Yes"
}