{
 "_liked_by": "[\"Administrator\"]",
 "allow_comments": 0,
 "allow_delete": 0,
 "allow_edit": 0,
 "allow_incomplete": 0,
 "allow_multiple": 0,
 "allow_print": 0,
 "anonymous": 0,
 "apply_document_permissions": 0,
 "button_label": "Save",
 "client_script": "frappe.web_form.after_load = () => {\n    \n    document.querySelector('a.new-btn').style.display = 'none';\n\n    frappe.web_form.on('employee', function(field, value) {\n        if (value) {\n            frappe.call({\n                method: 'frappe.client.get_value',\n                args: {\n                    doctype: 'Employee',\n                    fieldname: ['employee_name', 'department', 'designation'],\n                    filters: { 'name': value }\n                },\n                callback: function(response) {\n                    if (response.message) {\n                        frappe.web_form.set_value('employee_name', response.message.employee_name);\n                        frappe.web_form.set_value('department', response.message.department);\n                        frappe.web_form.set_value('designation', response.message.designation);\n                    }\n                }\n            });\n        }\n    });\n\n    document.querySelectorAll('textarea[data-fieldtype=\"Small Text\"]').forEach(function(textarea) {\n        textarea.style.setProperty('height', '3rem', 'important');\n    });\n};\n",
 "condition_json": "[]",
 "creation": "2024-08-08 18:27:51.525889",
 "custom_css": ".section-head{\n    margin-bottom:-10px !important;\n}\n.customclass{\n    margin-bottom:-10px !important;\n}\n.customcheck{\n    width: 130px !important;\n    font-size: 13px;\n    font-weight:500;\n}\n[data-doctype=\"Web Form\"] .page-content-wrapper .container .page_content h1 {\n    font-size: 1.8rem !important;\n    text-align: center !important;\n}",
 "doc_type": "Exit Questionnaire",
 "docstatus": 0,
 "doctype": "Web Form",
 "idx": 0,
 "is_standard": 1,
 "list_columns": [],
 "login_required": 0,
 "max_attachment_size": 0,
 "modified": "2024-08-13 11:01:31.859405",
 "modified_by": "Administrator",
 "module": "Mumal HR",
 "name": "exit-questionnaire",
 "owner": "Administrator",
 "published": 1,
 "route": "exit-questionnaire",
 "show_attachments": 0,
 "show_list": 0,
 "show_sidebar": 0,
 "title": "Exit Questionnaire",
 "web_form_fields": [
  {
   "allow_read_on_all_link_options": 0,
   "fieldname": "employee",
   "fieldtype": "Link",
   "hidden": 0,
   "label": "Employee",
   "max_length": 0,
   "max_value": 0,
   "options": "Employee",
   "read_only": 0,
   "reqd": 1,
   "show_in_filter": 0
  },
  {
   "allow_read_on_all_link_options": 0,
   "fieldname": "employee_name",
   "fieldtype": "Data",
   "hidden": 0,
   "label": "Employee Name",
   "max_length": 0,
   "max_value": 0,
   "read_only": 0,
   "reqd": 0,
   "show_in_filter": 0
  },
  {
   "allow_read_on_all_link_options": 0,
   "fieldname": "",
   "fieldtype": "Column Break",
   "hidden": 0,
   "label": "",
   "max_length": 0,
   "max_value": 0,
   "options": "",
   "read_only": 0,
   "reqd": 0,
   "show_in_filter": 0
  },
  {
   "allow_read_on_all_link_options": 0,
   "fieldname": "department",
   "fieldtype": "Data",
   "hidden": 0,
   "label": "Department",
   "max_length": 0,
   "max_value": 0,
   "read_only": 0,
   "reqd": 0,
   "show_in_filter": 0
  },
  {
   "allow_read_on_all_link_options": 0,
   "fieldname": "designation",
   "fieldtype": "Data",
   "hidden": 0,
   "label": "Designation",
   "max_length": 0,
   "max_value": 0,
   "read_only": 0,
   "reqd": 0,
   "show_in_filter": 0
  },
  {
   "allow_read_on_all_link_options": 0,
   "fieldname": "",
   "fieldtype": "Section Break",
   "hidden": 0,
   "label": "<h5><b>Questionnaire</b></h5>",
   "max_length": 0,
   "max_value": 0,
   "options": "",
   "read_only": 0,
   "reqd": 0,
   "show_in_filter": 0
  },
  {
   "allow_read_on_all_link_options": 0,
   "fieldname": "",
   "fieldtype": "Section Break",
   "hidden": 0,
   "label": "<h5><b>1) What were your expectations at the time of joining?</b></h5>",
   "max_length": 0,
   "max_value": 0,
   "options": "",
   "read_only": 0,
   "reqd": 0,
   "show_in_filter": 0
  },
  {
   "allow_read_on_all_link_options": 0,
   "default": "0",
   "fieldname": "q1_c1",
   "fieldtype": "Check",
   "hidden": 0,
   "label": "Near to Native Place",
   "max_length": 0,
   "max_value": 0,
   "read_only": 0,
   "reqd": 0,
   "show_in_filter": 0
  },
  {
   "allow_read_on_all_link_options": 0,
   "default": "0",
   "fieldname": "q1_c2",
   "fieldtype": "Check",
   "hidden": 0,
   "label": "Better Organization",
   "max_length": 0,
   "max_value": 0,
   "read_only": 0,
   "reqd": 0,
   "show_in_filter": 0
  },
  {
   "allow_read_on_all_link_options": 0,
   "default": "0",
   "fieldname": "q1_c3",
   "fieldtype": "Check",
   "hidden": 0,
   "label": "Better Learning Opportunities",
   "max_length": 0,
   "max_value": 0,
   "read_only": 0,
   "reqd": 0,
   "show_in_filter": 0
  },
  {
   "allow_read_on_all_link_options": 0,
   "default": "0",
   "fieldname": "q1_c4",
   "fieldtype": "Check",
   "hidden": 0,
   "label": "Better Culture",
   "max_length": 0,
   "max_value": 0,
   "read_only": 0,
   "reqd": 0,
   "show_in_filter": 0
  },
  {
   "allow_read_on_all_link_options": 0,
   "default": "0",
   "fieldname": "q1_c5",
   "fieldtype": "Check",
   "hidden": 0,
   "label": "Better Job Profile",
   "max_length": 0,
   "max_value": 0,
   "read_only": 0,
   "reqd": 0,
   "show_in_filter": 0
  },
  {
   "allow_read_on_all_link_options": 0,
   "fieldname": "",
   "fieldtype": "Column Break",
   "hidden": 0,
   "label": "",
   "max_length": 0,
   "max_value": 0,
   "options": "",
   "read_only": 0,
   "reqd": 0,
   "show_in_filter": 0
  },
  {
   "allow_read_on_all_link_options": 0,
   "default": "0",
   "fieldname": "q1_c6",
   "fieldtype": "Check",
   "hidden": 0,
   "label": "Better Package/Salary",
   "max_length": 0,
   "max_value": 0,
   "read_only": 0,
   "reqd": 0,
   "show_in_filter": 0
  },
  {
   "allow_read_on_all_link_options": 0,
   "default": "0",
   "fieldname": "q1_c7",
   "fieldtype": "Check",
   "hidden": 0,
   "label": "Upward Designation",
   "max_length": 0,
   "max_value": 0,
   "read_only": 0,
   "reqd": 0,
   "show_in_filter": 0
  },
  {
   "allow_read_on_all_link_options": 0,
   "default": "0",
   "fieldname": "q1_c8",
   "fieldtype": "Check",
   "hidden": 0,
   "label": "Attitude of Colleagues/Boss",
   "max_length": 0,
   "max_value": 0,
   "read_only": 0,
   "reqd": 0,
   "show_in_filter": 0
  },
  {
   "allow_read_on_all_link_options": 0,
   "fieldname": "q1_c9",
   "fieldtype": "Small Text",
   "hidden": 0,
   "label": "Any Other",
   "max_length": 0,
   "max_value": 0,
   "read_only": 0,
   "reqd": 0,
   "show_in_filter": 0
  },
  {
   "allow_read_on_all_link_options": 0,
   "fieldname": "",
   "fieldtype": "Section Break",
   "hidden": 0,
   "label": "<h6><b>a. Were all your expectations fulfilled?</b></h6>",
   "max_length": 0,
   "max_value": 0,
   "options": "",
   "read_only": 0,
   "reqd": 0,
   "show_in_filter": 0
  },
  {
   "allow_read_on_all_link_options": 0,
   "default": "0",
   "fieldname": "q1_a_c1",
   "fieldtype": "Check",
   "hidden": 0,
   "label": "All",
   "max_length": 0,
   "max_value": 0,
   "read_only": 0,
   "reqd": 0,
   "show_in_filter": 0
  },
  {
   "allow_read_on_all_link_options": 0,
   "fieldname": "",
   "fieldtype": "Column Break",
   "hidden": 0,
   "label": "",
   "max_length": 0,
   "max_value": 0,
   "options": "",
   "read_only": 0,
   "reqd": 0,
   "show_in_filter": 0
  },
  {
   "allow_read_on_all_link_options": 0,
   "default": "0",
   "fieldname": "q1_a_c2",
   "fieldtype": "Check",
   "hidden": 0,
   "label": "Partially",
   "max_length": 0,
   "max_value": 0,
   "read_only": 0,
   "reqd": 0,
   "show_in_filter": 0
  },
  {
   "allow_read_on_all_link_options": 0,
   "fieldname": "",
   "fieldtype": "Column Break",
   "hidden": 0,
   "label": "",
   "max_length": 0,
   "max_value": 0,
   "options": "",
   "read_only": 0,
   "reqd": 0,
   "show_in_filter": 0
  },
  {
   "allow_read_on_all_link_options": 0,
   "default": "0",
   "fieldname": "q1_a_c3",
   "fieldtype": "Check",
   "hidden": 0,
   "label": "Not at All",
   "max_length": 0,
   "max_value": 0,
   "read_only": 0,
   "reqd": 0,
   "show_in_filter": 0
  },
  {
   "allow_read_on_all_link_options": 0,
   "fieldname": "",
   "fieldtype": "Section Break",
   "hidden": 0,
   "label": "<h5><b>2) Please rate your satisfaction level on following: (1 Being Low &amp; 5 Being High)</b></h5>",
   "max_length": 0,
   "max_value": 0,
   "options": "",
   "read_only": 0,
   "reqd": 0,
   "show_in_filter": 0
  },
  {
   "allow_read_on_all_link_options": 0,
   "fieldname": "",
   "fieldtype": "Column Break",
   "hidden": 0,
   "label": "<h5 class=\"customcheck\">A. Job Profile</h5>",
   "max_length": 0,
   "max_value": 0,
   "options": "",
   "read_only": 0,
   "reqd": 0,
   "show_in_filter": 0
  },
  {
   "allow_read_on_all_link_options": 0,
   "fieldname": "",
   "fieldtype": "Column Break",
   "hidden": 0,
   "label": "",
   "max_length": 0,
   "max_value": 0,
   "options": "",
   "read_only": 0,
   "reqd": 0,
   "show_in_filter": 0
  },
  {
   "allow_read_on_all_link_options": 0,
   "default": "0",
   "fieldname": "q2_1_c1",
   "fieldtype": "Check",
   "hidden": 0,
   "label": "1",
   "max_length": 0,
   "max_value": 0,
   "read_only": 0,
   "reqd": 0,
   "show_in_filter": 0
  },
  {
   "allow_read_on_all_link_options": 0,
   "fieldname": "",
   "fieldtype": "Column Break",
   "hidden": 0,
   "label": "",
   "max_length": 0,
   "max_value": 0,
   "options": "",
   "read_only": 0,
   "reqd": 0,
   "show_in_filter": 0
  },
  {
   "allow_read_on_all_link_options": 0,
   "default": "0",
   "fieldname": "q2_2_c1",
   "fieldtype": "Check",
   "hidden": 0,
   "label": "2",
   "max_length": 0,
   "max_value": 0,
   "read_only": 0,
   "reqd": 0,
   "show_in_filter": 0
  },
  {
   "allow_read_on_all_link_options": 0,
   "fieldname": "",
   "fieldtype": "Column Break",
   "hidden": 0,
   "label": "",
   "max_length": 0,
   "max_value": 0,
   "options": "",
   "read_only": 0,
   "reqd": 0,
   "show_in_filter": 0
  },
  {
   "allow_read_on_all_link_options": 0,
   "default": "0",
   "fieldname": "q2_3_c1",
   "fieldtype": "Check",
   "hidden": 0,
   "label": "3",
   "max_length": 0,
   "max_value": 0,
   "read_only": 0,
   "reqd": 0,
   "show_in_filter": 0
  },
  {
   "allow_read_on_all_link_options": 0,
   "fieldname": "",
   "fieldtype": "Column Break",
   "hidden": 0,
   "label": "",
   "max_length": 0,
   "max_value": 0,
   "options": "",
   "read_only": 0,
   "reqd": 0,
   "show_in_filter": 0
  },
  {
   "allow_read_on_all_link_options": 0,
   "default": "0",
   "fieldname": "q2_4_c1",
   "fieldtype": "Check",
   "hidden": 0,
   "label": "4",
   "max_length": 0,
   "max_value": 0,
   "read_only": 0,
   "reqd": 0,
   "show_in_filter": 0
  },
  {
   "allow_read_on_all_link_options": 0,
   "fieldname": "",
   "fieldtype": "Column Break",
   "hidden": 0,
   "label": "",
   "max_length": 0,
   "max_value": 0,
   "options": "",
   "read_only": 0,
   "reqd": 0,
   "show_in_filter": 0
  },
  {
   "allow_read_on_all_link_options": 0,
   "default": "0",
   "fieldname": "q2_5_c1",
   "fieldtype": "Check",
   "hidden": 0,
   "label": "5",
   "max_length": 0,
   "max_value": 0,
   "read_only": 0,
   "reqd": 0,
   "show_in_filter": 0
  },
  {
   "allow_read_on_all_link_options": 0,
   "fieldname": "",
   "fieldtype": "Section Break",
   "hidden": 0,
   "label": "",
   "max_length": 0,
   "max_value": 0,
   "options": "",
   "read_only": 0,
   "reqd": 0,
   "show_in_filter": 0
  },
  {
   "allow_read_on_all_link_options": 0,
   "fieldname": "",
   "fieldtype": "Column Break",
   "hidden": 0,
   "label": "<h5 class=\"customcheck\">B. Working Enviorment</h5>",
   "max_length": 0,
   "max_value": 0,
   "options": "",
   "read_only": 0,
   "reqd": 0,
   "show_in_filter": 0
  },
  {
   "allow_read_on_all_link_options": 0,
   "fieldname": "",
   "fieldtype": "Column Break",
   "hidden": 0,
   "label": "",
   "max_length": 0,
   "max_value": 0,
   "options": "",
   "read_only": 0,
   "reqd": 0,
   "show_in_filter": 0
  },
  {
   "allow_read_on_all_link_options": 0,
   "default": "0",
   "fieldname": "q2_1_c2",
   "fieldtype": "Check",
   "hidden": 0,
   "label": "1",
   "max_length": 0,
   "max_value": 0,
   "read_only": 0,
   "reqd": 0,
   "show_in_filter": 0
  },
  {
   "allow_read_on_all_link_options": 0,
   "fieldname": "",
   "fieldtype": "Column Break",
   "hidden": 0,
   "label": "",
   "max_length": 0,
   "max_value": 0,
   "options": "",
   "read_only": 0,
   "reqd": 0,
   "show_in_filter": 0
  },
  {
   "allow_read_on_all_link_options": 0,
   "default": "0",
   "fieldname": "q2_2_c2",
   "fieldtype": "Check",
   "hidden": 0,
   "label": "2",
   "max_length": 0,
   "max_value": 0,
   "read_only": 0,
   "reqd": 0,
   "show_in_filter": 0
  },
  {
   "allow_read_on_all_link_options": 0,
   "fieldname": "",
   "fieldtype": "Column Break",
   "hidden": 0,
   "label": "",
   "max_length": 0,
   "max_value": 0,
   "options": "",
   "read_only": 0,
   "reqd": 0,
   "show_in_filter": 0
  },
  {
   "allow_read_on_all_link_options": 0,
   "default": "0",
   "fieldname": "q2_3_c2",
   "fieldtype": "Check",
   "hidden": 0,
   "label": "3",
   "max_length": 0,
   "max_value": 0,
   "read_only": 0,
   "reqd": 0,
   "show_in_filter": 0
  },
  {
   "allow_read_on_all_link_options": 0,
   "fieldname": "",
   "fieldtype": "Column Break",
   "hidden": 0,
   "label": "",
   "max_length": 0,
   "max_value": 0,
   "options": "",
   "read_only": 0,
   "reqd": 0,
   "show_in_filter": 0
  },
  {
   "allow_read_on_all_link_options": 0,
   "default": "0",
   "fieldname": "q2_4_c2",
   "fieldtype": "Check",
   "hidden": 0,
   "label": "4",
   "max_length": 0,
   "max_value": 0,
   "read_only": 0,
   "reqd": 0,
   "show_in_filter": 0
  },
  {
   "allow_read_on_all_link_options": 0,
   "fieldname": "",
   "fieldtype": "Column Break",
   "hidden": 0,
   "label": "",
   "max_length": 0,
   "max_value": 0,
   "options": "",
   "read_only": 0,
   "reqd": 0,
   "show_in_filter": 0
  },
  {
   "allow_read_on_all_link_options": 0,
   "default": "0",
   "fieldname": "q2_5_c2",
   "fieldtype": "Check",
   "hidden": 0,
   "label": "5",
   "max_length": 0,
   "max_value": 0,
   "read_only": 0,
   "reqd": 0,
   "show_in_filter": 0
  },
  {
   "allow_read_on_all_link_options": 0,
   "fieldname": "",
   "fieldtype": "Section Break",
   "hidden": 0,
   "label": "",
   "max_length": 0,
   "max_value": 0,
   "options": "",
   "read_only": 0,
   "reqd": 0,
   "show_in_filter": 0
  },
  {
   "allow_read_on_all_link_options": 0,
   "fieldname": "",
   "fieldtype": "Column Break",
   "hidden": 0,
   "label": "<h5 class=\"customcheck\">C. Behaviour of Seniors</h5>",
   "max_length": 0,
   "max_value": 0,
   "options": "",
   "read_only": 0,
   "reqd": 0,
   "show_in_filter": 0
  },
  {
   "allow_read_on_all_link_options": 0,
   "fieldname": "",
   "fieldtype": "Column Break",
   "hidden": 0,
   "label": "",
   "max_length": 0,
   "max_value": 0,
   "options": "",
   "read_only": 0,
   "reqd": 0,
   "show_in_filter": 0
  },
  {
   "allow_read_on_all_link_options": 0,
   "default": "0",
   "fieldname": "q2_1_c3",
   "fieldtype": "Check",
   "hidden": 0,
   "label": "1",
   "max_length": 0,
   "max_value": 0,
   "read_only": 0,
   "reqd": 0,
   "show_in_filter": 0
  },
  {
   "allow_read_on_all_link_options": 0,
   "fieldname": "",
   "fieldtype": "Column Break",
   "hidden": 0,
   "label": "",
   "max_length": 0,
   "max_value": 0,
   "options": "",
   "read_only": 0,
   "reqd": 0,
   "show_in_filter": 0
  },
  {
   "allow_read_on_all_link_options": 0,
   "default": "0",
   "fieldname": "q2_2_c3",
   "fieldtype": "Check",
   "hidden": 0,
   "label": "2",
   "max_length": 0,
   "max_value": 0,
   "read_only": 0,
   "reqd": 0,
   "show_in_filter": 0
  },
  {
   "allow_read_on_all_link_options": 0,
   "fieldname": "",
   "fieldtype": "Column Break",
   "hidden": 0,
   "label": "",
   "max_length": 0,
   "max_value": 0,
   "options": "",
   "read_only": 0,
   "reqd": 0,
   "show_in_filter": 0
  },
  {
   "allow_read_on_all_link_options": 0,
   "default": "0",
   "fieldname": "q2_3_c3",
   "fieldtype": "Check",
   "hidden": 0,
   "label": "3",
   "max_length": 0,
   "max_value": 0,
   "read_only": 0,
   "reqd": 0,
   "show_in_filter": 0
  },
  {
   "allow_read_on_all_link_options": 0,
   "fieldname": "",
   "fieldtype": "Column Break",
   "hidden": 0,
   "label": "",
   "max_length": 0,
   "max_value": 0,
   "options": "",
   "read_only": 0,
   "reqd": 0,
   "show_in_filter": 0
  },
  {
   "allow_read_on_all_link_options": 0,
   "default": "0",
   "fieldname": "q2_4_c3",
   "fieldtype": "Check",
   "hidden": 0,
   "label": "4",
   "max_length": 0,
   "max_value": 0,
   "read_only": 0,
   "reqd": 0,
   "show_in_filter": 0
  },
  {
   "allow_read_on_all_link_options": 0,
   "fieldname": "",
   "fieldtype": "Column Break",
   "hidden": 0,
   "label": "",
   "max_length": 0,
   "max_value": 0,
   "options": "",
   "read_only": 0,
   "reqd": 0,
   "show_in_filter": 0
  },
  {
   "allow_read_on_all_link_options": 0,
   "default": "0",
   "fieldname": "q2_5_c3",
   "fieldtype": "Check",
   "hidden": 0,
   "label": "5",
   "max_length": 0,
   "max_value": 0,
   "read_only": 0,
   "reqd": 0,
   "show_in_filter": 0
  },
  {
   "allow_read_on_all_link_options": 0,
   "fieldname": "",
   "fieldtype": "Section Break",
   "hidden": 0,
   "label": "",
   "max_length": 0,
   "max_value": 0,
   "options": "",
   "read_only": 0,
   "reqd": 0,
   "show_in_filter": 0
  },
  {
   "allow_read_on_all_link_options": 0,
   "fieldname": "",
   "fieldtype": "Column Break",
   "hidden": 0,
   "label": "<h5 class=\"customcheck\">D. Compensation</h5>",
   "max_length": 0,
   "max_value": 0,
   "options": "",
   "read_only": 0,
   "reqd": 0,
   "show_in_filter": 0
  },
  {
   "allow_read_on_all_link_options": 0,
   "fieldname": "",
   "fieldtype": "Column Break",
   "hidden": 0,
   "label": "",
   "max_length": 0,
   "max_value": 0,
   "options": "",
   "read_only": 0,
   "reqd": 0,
   "show_in_filter": 0
  },
  {
   "allow_read_on_all_link_options": 0,
   "default": "0",
   "fieldname": "q2_1_c4",
   "fieldtype": "Check",
   "hidden": 0,
   "label": "1",
   "max_length": 0,
   "max_value": 0,
   "read_only": 0,
   "reqd": 0,
   "show_in_filter": 0
  },
  {
   "allow_read_on_all_link_options": 0,
   "fieldname": "",
   "fieldtype": "Column Break",
   "hidden": 0,
   "label": "",
   "max_length": 0,
   "max_value": 0,
   "options": "",
   "read_only": 0,
   "reqd": 0,
   "show_in_filter": 0
  },
  {
   "allow_read_on_all_link_options": 0,
   "default": "0",
   "fieldname": "q2_2_c4",
   "fieldtype": "Check",
   "hidden": 0,
   "label": "2",
   "max_length": 0,
   "max_value": 0,
   "read_only": 0,
   "reqd": 0,
   "show_in_filter": 0
  },
  {
   "allow_read_on_all_link_options": 0,
   "fieldname": "",
   "fieldtype": "Column Break",
   "hidden": 0,
   "label": "",
   "max_length": 0,
   "max_value": 0,
   "options": "",
   "read_only": 0,
   "reqd": 0,
   "show_in_filter": 0
  },
  {
   "allow_read_on_all_link_options": 0,
   "default": "0",
   "fieldname": "q2_3_c4",
   "fieldtype": "Check",
   "hidden": 0,
   "label": "3",
   "max_length": 0,
   "max_value": 0,
   "read_only": 0,
   "reqd": 0,
   "show_in_filter": 0
  },
  {
   "allow_read_on_all_link_options": 0,
   "fieldname": "",
   "fieldtype": "Column Break",
   "hidden": 0,
   "label": "",
   "max_length": 0,
   "max_value": 0,
   "options": "",
   "read_only": 0,
   "reqd": 0,
   "show_in_filter": 0
  },
  {
   "allow_read_on_all_link_options": 0,
   "default": "0",
   "fieldname": "q2_4_c4",
   "fieldtype": "Check",
   "hidden": 0,
   "label": "4",
   "max_length": 0,
   "max_value": 0,
   "read_only": 0,
   "reqd": 0,
   "show_in_filter": 0
  },
  {
   "allow_read_on_all_link_options": 0,
   "fieldname": "",
   "fieldtype": "Column Break",
   "hidden": 0,
   "label": "",
   "max_length": 0,
   "max_value": 0,
   "options": "",
   "read_only": 0,
   "reqd": 0,
   "show_in_filter": 0
  },
  {
   "allow_read_on_all_link_options": 0,
   "default": "0",
   "fieldname": "q2_5_c4",
   "fieldtype": "Check",
   "hidden": 0,
   "label": "5",
   "max_length": 0,
   "max_value": 0,
   "read_only": 0,
   "reqd": 0,
   "show_in_filter": 0
  },
  {
   "allow_read_on_all_link_options": 0,
   "fieldname": "",
   "fieldtype": "Section Break",
   "hidden": 0,
   "label": "",
   "max_length": 0,
   "max_value": 0,
   "options": "",
   "read_only": 0,
   "reqd": 0,
   "show_in_filter": 0
  },
  {
   "allow_read_on_all_link_options": 0,
   "fieldname": "",
   "fieldtype": "Column Break",
   "hidden": 0,
   "label": "<h5 class=\"customcheck\">E. Learning Development</h5>",
   "max_length": 0,
   "max_value": 0,
   "options": "",
   "read_only": 0,
   "reqd": 0,
   "show_in_filter": 0
  },
  {
   "allow_read_on_all_link_options": 0,
   "fieldname": "",
   "fieldtype": "Column Break",
   "hidden": 0,
   "label": "",
   "max_length": 0,
   "max_value": 0,
   "options": "",
   "read_only": 0,
   "reqd": 0,
   "show_in_filter": 0
  },
  {
   "allow_read_on_all_link_options": 0,
   "default": "0",
   "fieldname": "q2_1_c5",
   "fieldtype": "Check",
   "hidden": 0,
   "label": "1",
   "max_length": 0,
   "max_value": 0,
   "read_only": 0,
   "reqd": 0,
   "show_in_filter": 0
  },
  {
   "allow_read_on_all_link_options": 0,
   "fieldname": "",
   "fieldtype": "Column Break",
   "hidden": 0,
   "label": "",
   "max_length": 0,
   "max_value": 0,
   "options": "",
   "read_only": 0,
   "reqd": 0,
   "show_in_filter": 0
  },
  {
   "allow_read_on_all_link_options": 0,
   "default": "0",
   "fieldname": "q2_2_c5",
   "fieldtype": "Check",
   "hidden": 0,
   "label": "2",
   "max_length": 0,
   "max_value": 0,
   "read_only": 0,
   "reqd": 0,
   "show_in_filter": 0
  },
  {
   "allow_read_on_all_link_options": 0,
   "fieldname": "",
   "fieldtype": "Column Break",
   "hidden": 0,
   "label": "",
   "max_length": 0,
   "max_value": 0,
   "options": "",
   "read_only": 0,
   "reqd": 0,
   "show_in_filter": 0
  },
  {
   "allow_read_on_all_link_options": 0,
   "default": "0",
   "fieldname": "q2_3_c5",
   "fieldtype": "Check",
   "hidden": 0,
   "label": "3",
   "max_length": 0,
   "max_value": 0,
   "read_only": 0,
   "reqd": 0,
   "show_in_filter": 0
  },
  {
   "allow_read_on_all_link_options": 0,
   "fieldname": "",
   "fieldtype": "Column Break",
   "hidden": 0,
   "label": "",
   "max_length": 0,
   "max_value": 0,
   "options": "",
   "read_only": 0,
   "reqd": 0,
   "show_in_filter": 0
  },
  {
   "allow_read_on_all_link_options": 0,
   "default": "0",
   "fieldname": "q2_4_c5",
   "fieldtype": "Check",
   "hidden": 0,
   "label": "4",
   "max_length": 0,
   "max_value": 0,
   "read_only": 0,
   "reqd": 0,
   "show_in_filter": 0
  },
  {
   "allow_read_on_all_link_options": 0,
   "fieldname": "",
   "fieldtype": "Column Break",
   "hidden": 0,
   "label": "",
   "max_length": 0,
   "max_value": 0,
   "options": "",
   "read_only": 0,
   "reqd": 0,
   "show_in_filter": 0
  },
  {
   "allow_read_on_all_link_options": 0,
   "default": "0",
   "fieldname": "q2_5_c5",
   "fieldtype": "Check",
   "hidden": 0,
   "label": "5",
   "max_length": 0,
   "max_value": 0,
   "read_only": 0,
   "reqd": 0,
   "show_in_filter": 0
  },
  {
   "allow_read_on_all_link_options": 0,
   "fieldname": "",
   "fieldtype": "Section Break",
   "hidden": 0,
   "label": "",
   "max_length": 0,
   "max_value": 0,
   "options": "",
   "read_only": 0,
   "reqd": 0,
   "show_in_filter": 0
  },
  {
   "allow_read_on_all_link_options": 0,
   "fieldname": "",
   "fieldtype": "Column Break",
   "hidden": 0,
   "label": "<h5 class=\"customcheck\">F. Policies &amp; Practices</h5>",
   "max_length": 0,
   "max_value": 0,
   "options": "",
   "read_only": 0,
   "reqd": 0,
   "show_in_filter": 0
  },
  {
   "allow_read_on_all_link_options": 0,
   "fieldname": "",
   "fieldtype": "Column Break",
   "hidden": 0,
   "label": "",
   "max_length": 0,
   "max_value": 0,
   "options": "",
   "read_only": 0,
   "reqd": 0,
   "show_in_filter": 0
  },
  {
   "allow_read_on_all_link_options": 0,
   "default": "0",
   "fieldname": "q2_1_c6",
   "fieldtype": "Check",
   "hidden": 0,
   "label": "1",
   "max_length": 0,
   "max_value": 0,
   "read_only": 0,
   "reqd": 0,
   "show_in_filter": 0
  },
  {
   "allow_read_on_all_link_options": 0,
   "fieldname": "",
   "fieldtype": "Column Break",
   "hidden": 0,
   "label": "",
   "max_length": 0,
   "max_value": 0,
   "options": "",
   "read_only": 0,
   "reqd": 0,
   "show_in_filter": 0
  },
  {
   "allow_read_on_all_link_options": 0,
   "default": "0",
   "fieldname": "q2_2_c6",
   "fieldtype": "Check",
   "hidden": 0,
   "label": "2",
   "max_length": 0,
   "max_value": 0,
   "read_only": 0,
   "reqd": 0,
   "show_in_filter": 0
  },
  {
   "allow_read_on_all_link_options": 0,
   "fieldname": "",
   "fieldtype": "Column Break",
   "hidden": 0,
   "label": "",
   "max_length": 0,
   "max_value": 0,
   "options": "",
   "read_only": 0,
   "reqd": 0,
   "show_in_filter": 0
  },
  {
   "allow_read_on_all_link_options": 0,
   "default": "0",
   "fieldname": "q2_3_c6",
   "fieldtype": "Check",
   "hidden": 0,
   "label": "3",
   "max_length": 0,
   "max_value": 0,
   "read_only": 0,
   "reqd": 0,
   "show_in_filter": 0
  },
  {
   "allow_read_on_all_link_options": 0,
   "fieldname": "",
   "fieldtype": "Column Break",
   "hidden": 0,
   "label": "",
   "max_length": 0,
   "max_value": 0,
   "options": "",
   "read_only": 0,
   "reqd": 0,
   "show_in_filter": 0
  },
  {
   "allow_read_on_all_link_options": 0,
   "default": "0",
   "fieldname": "q2_4_c6",
   "fieldtype": "Check",
   "hidden": 0,
   "label": "4",
   "max_length": 0,
   "max_value": 0,
   "read_only": 0,
   "reqd": 0,
   "show_in_filter": 0
  },
  {
   "allow_read_on_all_link_options": 0,
   "fieldname": "",
   "fieldtype": "Column Break",
   "hidden": 0,
   "label": "",
   "max_length": 0,
   "max_value": 0,
   "options": "",
   "read_only": 0,
   "reqd": 0,
   "show_in_filter": 0
  },
  {
   "allow_read_on_all_link_options": 0,
   "default": "0",
   "fieldname": "q2_5_c6",
   "fieldtype": "Check",
   "hidden": 0,
   "label": "5",
   "max_length": 0,
   "max_value": 0,
   "read_only": 0,
   "reqd": 0,
   "show_in_filter": 0
  },
  {
   "allow_read_on_all_link_options": 0,
   "fieldname": "",
   "fieldtype": "Section Break",
   "hidden": 0,
   "label": "<h5><b>3) Section-9: Reason for Leaving (Please tick and elaborate wherever applicable)</b></h5>",
   "max_length": 0,
   "max_value": 0,
   "options": "",
   "read_only": 0,
   "reqd": 0,
   "show_in_filter": 0
  },
  {
   "allow_read_on_all_link_options": 0,
   "fieldname": "",
   "fieldtype": "Column Break",
   "hidden": 0,
   "label": "<h6>A. Economic Reasons</h6>",
   "max_length": 0,
   "max_value": 0,
   "options": "",
   "read_only": 0,
   "reqd": 0,
   "show_in_filter": 0
  },
  {
   "allow_read_on_all_link_options": 0,
   "default": "0",
   "fieldname": "q3_1_c1",
   "fieldtype": "Check",
   "hidden": 0,
   "label": "Better Compensation",
   "max_length": 0,
   "max_value": 0,
   "read_only": 0,
   "reqd": 0,
   "show_in_filter": 0
  },
  {
   "allow_read_on_all_link_options": 0,
   "default": "0",
   "fieldname": "q3_1_c2",
   "fieldtype": "Check",
   "hidden": 0,
   "label": "Benefits/Incentives",
   "max_length": 0,
   "max_value": 0,
   "read_only": 0,
   "reqd": 0,
   "show_in_filter": 0
  },
  {
   "allow_read_on_all_link_options": 0,
   "fieldtype": "Small Text",
   "hidden": 0,
   "label": "Any Other",
   "max_length": 0,
   "max_value": 0,
   "read_only": 0,
   "reqd": 0,
   "show_in_filter": 0
  },
  {
   "allow_read_on_all_link_options": 0,
   "fieldname": "",
   "fieldtype": "Column Break",
   "hidden": 0,
   "label": "<h6>B. Organization/Job Related Reasons</h6>",
   "max_length": 0,
   "max_value": 0,
   "options": "",
   "read_only": 0,
   "reqd": 0,
   "show_in_filter": 0
  },
  {
   "allow_read_on_all_link_options": 0,
   "default": "0",
   "fieldname": "q3_2_c1",
   "fieldtype": "Check",
   "hidden": 0,
   "label": "Job Satisfaction",
   "max_length": 0,
   "max_value": 0,
   "read_only": 0,
   "reqd": 0,
   "show_in_filter": 0
  },
  {
   "allow_read_on_all_link_options": 0,
   "default": "0",
   "fieldname": "q3_2_c2",
   "fieldtype": "Check",
   "hidden": 0,
   "label": "Better Career Opportunities Elsewhere",
   "max_length": 0,
   "max_value": 0,
   "read_only": 0,
   "reqd": 0,
   "show_in_filter": 0
  },
  {
   "allow_read_on_all_link_options": 0,
   "default": "0",
   "fieldname": "q3_2_c3",
   "fieldtype": "Check",
   "hidden": 0,
   "label": "Lack of Growth Opportunities",
   "max_length": 0,
   "max_value": 0,
   "read_only": 0,
   "reqd": 0,
   "show_in_filter": 0
  },
  {
   "allow_read_on_all_link_options": 0,
   "default": "0",
   "fieldname": "q3_2_c4",
   "fieldtype": "Check",
   "hidden": 0,
   "label": "Job Fit",
   "max_length": 0,
   "max_value": 0,
   "read_only": 0,
   "reqd": 0,
   "show_in_filter": 0
  },
  {
   "allow_read_on_all_link_options": 0,
   "default": "0",
   "fieldname": "q3_2_c5",
   "fieldtype": "Check",
   "hidden": 0,
   "label": "Issues with Supervisor or Colleagues",
   "max_length": 0,
   "max_value": 0,
   "read_only": 0,
   "reqd": 0,
   "show_in_filter": 0
  },
  {
   "allow_read_on_all_link_options": 0,
   "default": "0",
   "fieldname": "q3_2_c6",
   "fieldtype": "Check",
   "hidden": 0,
   "label": "Performance Rating",
   "max_length": 0,
   "max_value": 0,
   "read_only": 0,
   "reqd": 0,
   "show_in_filter": 0
  },
  {
   "allow_read_on_all_link_options": 0,
   "fieldtype": "Small Text",
   "hidden": 0,
   "label": "Any Other",
   "max_length": 0,
   "max_value": 0,
   "read_only": 0,
   "reqd": 0,
   "show_in_filter": 0
  },
  {
   "allow_read_on_all_link_options": 0,
   "fieldname": "",
   "fieldtype": "Column Break",
   "hidden": 0,
   "label": "<h6>C. Personal Reasons</h6>",
   "max_length": 0,
   "max_value": 0,
   "options": "",
   "read_only": 0,
   "reqd": 0,
   "show_in_filter": 0
  },
  {
   "allow_read_on_all_link_options": 0,
   "default": "0",
   "fieldname": "q3_3_c1",
   "fieldtype": "Check",
   "hidden": 0,
   "label": "Health Problems",
   "max_length": 0,
   "max_value": 0,
   "read_only": 0,
   "reqd": 0,
   "show_in_filter": 0
  },
  {
   "allow_read_on_all_link_options": 0,
   "default": "0",
   "fieldname": "q3_3_c2",
   "fieldtype": "Check",
   "hidden": 0,
   "label": "Location",
   "max_length": 0,
   "max_value": 0,
   "read_only": 0,
   "reqd": 0,
   "show_in_filter": 0
  },
  {
   "allow_read_on_all_link_options": 0,
   "default": "0",
   "fieldname": "q3_3_c3",
   "fieldtype": "Check",
   "hidden": 0,
   "label": "Further Studies",
   "max_length": 0,
   "max_value": 0,
   "read_only": 0,
   "reqd": 0,
   "show_in_filter": 0
  },
  {
   "allow_read_on_all_link_options": 0,
   "default": "0",
   "fieldname": "q3_3_c4",
   "fieldtype": "Check",
   "hidden": 0,
   "label": "Family Circumstances",
   "max_length": 0,
   "max_value": 0,
   "read_only": 0,
   "reqd": 0,
   "show_in_filter": 0
  },
  {
   "allow_read_on_all_link_options": 0,
   "default": "0",
   "fieldname": "q3_3_c5",
   "fieldtype": "Check",
   "hidden": 0,
   "label": "Timings",
   "max_length": 0,
   "max_value": 0,
   "read_only": 0,
   "reqd": 0,
   "show_in_filter": 0
  },
  {
   "allow_read_on_all_link_options": 0,
   "fieldtype": "Small Text",
   "hidden": 0,
   "label": "Any Other",
   "max_length": 0,
   "max_value": 0,
   "read_only": 0,
   "reqd": 0,
   "show_in_filter": 0
  },
  {
   "allow_read_on_all_link_options": 0,
   "fieldname": "",
   "fieldtype": "Section Break",
   "hidden": 0,
   "label": "<h5><b>4) What is most appealing in the new positions? (Please tick mark)</b></h5>",
   "max_length": 0,
   "max_value": 0,
   "options": "",
   "read_only": 0,
   "reqd": 0,
   "show_in_filter": 0
  },
  {
   "allow_read_on_all_link_options": 0,
   "default": "0",
   "fieldname": "q4_c1",
   "fieldtype": "Check",
   "hidden": 0,
   "label": "Near to Native Place",
   "max_length": 0,
   "max_value": 0,
   "read_only": 0,
   "reqd": 0,
   "show_in_filter": 0
  },
  {
   "allow_read_on_all_link_options": 0,
   "default": "0",
   "fieldname": "q4_c2",
   "fieldtype": "Check",
   "hidden": 0,
   "label": "High Rise in Salary",
   "max_length": 0,
   "max_value": 0,
   "read_only": 0,
   "reqd": 0,
   "show_in_filter": 0
  },
  {
   "allow_read_on_all_link_options": 0,
   "default": "0",
   "fieldname": "q4_c3",
   "fieldtype": "Check",
   "hidden": 0,
   "label": "Higher Designation",
   "max_length": 0,
   "max_value": 0,
   "read_only": 0,
   "reqd": 0,
   "show_in_filter": 0
  },
  {
   "allow_read_on_all_link_options": 0,
   "default": "0",
   "fieldname": "q4_c4",
   "fieldtype": "Check",
   "hidden": 0,
   "label": "Job Profile",
   "max_length": 0,
   "max_value": 0,
   "read_only": 0,
   "reqd": 0,
   "show_in_filter": 0
  },
  {
   "allow_read_on_all_link_options": 0,
   "fieldname": "",
   "fieldtype": "Column Break",
   "hidden": 0,
   "label": "",
   "max_length": 0,
   "max_value": 0,
   "options": "",
   "read_only": 0,
   "reqd": 0,
   "show_in_filter": 0
  },
  {
   "allow_read_on_all_link_options": 0,
   "fieldtype": "Small Text",
   "hidden": 0,
   "label": "Any Other",
   "max_length": 0,
   "max_value": 0,
   "read_only": 0,
   "reqd": 0,
   "show_in_filter": 0
  },
  {
   "allow_read_on_all_link_options": 0,
   "fieldname": "",
   "fieldtype": "Section Break",
   "hidden": 0,
   "label": "<h5><b>5) Does any Policy or Practice made your job difficult?</b></h5>",
   "max_length": 0,
   "max_value": 0,
   "options": "",
   "read_only": 0,
   "reqd": 0,
   "show_in_filter": 0
  },
  {
   "allow_read_on_all_link_options": 0,
   "default": "0",
   "fieldname": "q5_c1",
   "fieldtype": "Check",
   "hidden": 0,
   "label": "Yes",
   "max_length": 0,
   "max_value": 0,
   "read_only": 0,
   "reqd": 0,
   "show_in_filter": 0
  },
  {
   "allow_read_on_all_link_options": 0,
   "fieldtype": "Small Text",
   "hidden": 0,
   "label": "If yes, Please specify: (You can also suggest, As how that particular Policy/Practice can be improved)",
   "max_length": 0,
   "max_value": 0,
   "read_only": 0,
   "reqd": 0,
   "show_in_filter": 0
  },
  {
   "allow_read_on_all_link_options": 0,
   "fieldname": "",
   "fieldtype": "Column Break",
   "hidden": 0,
   "label": "",
   "max_length": 0,
   "max_value": 0,
   "options": "",
   "read_only": 0,
   "reqd": 0,
   "show_in_filter": 0
  },
  {
   "allow_read_on_all_link_options": 0,
   "default": "0",
   "fieldname": "q5_c2",
   "fieldtype": "Check",
   "hidden": 0,
   "label": "No",
   "max_length": 0,
   "max_value": 0,
   "read_only": 0,
   "reqd": 0,
   "show_in_filter": 0
  },
  {
   "allow_read_on_all_link_options": 0,
   "fieldname": "",
   "fieldtype": "Section Break",
   "hidden": 0,
   "label": "<h5><b>6) What new things have you learned during your stay with us?</b></h5>",
   "max_length": 0,
   "max_value": 0,
   "options": "",
   "read_only": 0,
   "reqd": 0,
   "show_in_filter": 0
  },
  {
   "allow_read_on_all_link_options": 0,
   "fieldtype": "Small Text",
   "hidden": 0,
   "max_length": 0,
   "max_value": 0,
   "read_only": 0,
   "reqd": 0,
   "show_in_filter": 0
  },
  {
   "allow_read_on_all_link_options": 0,
   "fieldname": "",
   "fieldtype": "Section Break",
   "hidden": 0,
   "label": "<h5><b>7) Would you like to work with us again incase an opportunity is available in future? (Please tick in appropriate box)</b></h5>",
   "max_length": 0,
   "max_value": 0,
   "options": "",
   "read_only": 0,
   "reqd": 0,
   "show_in_filter": 0
  },
  {
   "allow_read_on_all_link_options": 0,
   "default": "0",
   "fieldname": "q7_c1",
   "fieldtype": "Check",
   "hidden": 0,
   "label": "Yes",
   "max_length": 0,
   "max_value": 0,
   "read_only": 0,
   "reqd": 0,
   "show_in_filter": 0
  },
  {
   "allow_read_on_all_link_options": 0,
   "fieldname": "",
   "fieldtype": "Column Break",
   "hidden": 0,
   "label": "",
   "max_length": 0,
   "max_value": 0,
   "options": "",
   "read_only": 0,
   "reqd": 0,
   "show_in_filter": 0
  },
  {
   "allow_read_on_all_link_options": 0,
   "default": "0",
   "fieldname": "q7_c2",
   "fieldtype": "Check",
   "hidden": 0,
   "label": "No",
   "max_length": 0,
   "max_value": 0,
   "read_only": 0,
   "reqd": 0,
   "show_in_filter": 0
  },
  {
   "allow_read_on_all_link_options": 0,
   "fieldname": "",
   "fieldtype": "Section Break",
   "hidden": 0,
   "label": "<h5><b>8) Would you like to share with us details about your new assignment?</b></h5>",
   "max_length": 0,
   "max_value": 0,
   "options": "",
   "read_only": 0,
   "reqd": 0,
   "show_in_filter": 0
  },
  {
   "allow_read_on_all_link_options": 0,
   "fieldname": "q8_o1",
   "fieldtype": "Data",
   "hidden": 0,
   "label": "Name of New Company",
   "max_length": 0,
   "max_value": 0,
   "read_only": 0,
   "reqd": 0,
   "show_in_filter": 0
  },
  {
   "allow_read_on_all_link_options": 0,
   "fieldname": "q8_o2",
   "fieldtype": "Data",
   "hidden": 0,
   "label": "New Department",
   "max_length": 0,
   "max_value": 0,
   "read_only": 0,
   "reqd": 0,
   "show_in_filter": 0
  },
  {
   "allow_read_on_all_link_options": 0,
   "fieldname": "q8_o3",
   "fieldtype": "Data",
   "hidden": 0,
   "label": "Location (City)",
   "max_length": 0,
   "max_value": 0,
   "read_only": 0,
   "reqd": 0,
   "show_in_filter": 0
  },
  {
   "allow_read_on_all_link_options": 0,
   "fieldname": "q8_s1",
   "fieldtype": "Select",
   "hidden": 0,
   "label": "Does your new role offer a better salary?",
   "max_length": 0,
   "max_value": 0,
   "options": "\nYes\nNo",
   "read_only": 0,
   "reqd": 0,
   "show_in_filter": 0
  },
  {
   "allow_read_on_all_link_options": 0,
   "fieldname": "q8_s2",
   "fieldtype": "Select",
   "hidden": 0,
   "label": "Does your new role offer greater responsibility?",
   "max_length": 0,
   "max_value": 0,
   "options": "\nYes\nNo",
   "read_only": 0,
   "reqd": 0,
   "show_in_filter": 0
  },
  {
   "allow_read_on_all_link_options": 0,
   "fieldname": "q8_s3",
   "fieldtype": "Select",
   "hidden": 0,
   "label": "Does your new employer offer more flexible working hours?",
   "max_length": 0,
   "max_value": 0,
   "options": "\nYes\nNo",
   "read_only": 0,
   "reqd": 0,
   "show_in_filter": 0
  },
  {
   "allow_read_on_all_link_options": 0,
   "fieldname": "",
   "fieldtype": "Column Break",
   "hidden": 0,
   "label": "",
   "max_length": 0,
   "max_value": 0,
   "options": "",
   "read_only": 0,
   "reqd": 0,
   "show_in_filter": 0
  },
  {
   "allow_read_on_all_link_options": 0,
   "fieldname": "q8_o4",
   "fieldtype": "Data",
   "hidden": 0,
   "label": "New Designation",
   "max_length": 0,
   "max_value": 0,
   "read_only": 0,
   "reqd": 0,
   "show_in_filter": 0
  },
  {
   "allow_read_on_all_link_options": 0,
   "fieldname": "q8_o5",
   "fieldtype": "Data",
   "hidden": 0,
   "label": "New Salary",
   "max_length": 0,
   "max_value": 0,
   "read_only": 0,
   "reqd": 0,
   "show_in_filter": 0
  },
  {
   "allow_read_on_all_link_options": 0,
   "fieldname": "q8_o6",
   "fieldtype": "Data",
   "hidden": 0,
   "label": "State",
   "max_length": 0,
   "max_value": 0,
   "read_only": 0,
   "reqd": 0,
   "show_in_filter": 0
  },
  {
   "allow_read_on_all_link_options": 0,
   "fieldname": "q8_s4",
   "fieldtype": "Select",
   "hidden": 0,
   "label": "Is your new role in a more convenient location?",
   "max_length": 0,
   "max_value": 0,
   "options": "\nYes\nNo",
   "read_only": 0,
   "reqd": 0,
   "show_in_filter": 0
  },
  {
   "allow_read_on_all_link_options": 0,
   "fieldname": "q8_s5",
   "fieldtype": "Select",
   "hidden": 0,
   "label": "Does your new role offer more interesting work?",
   "max_length": 0,
   "max_value": 0,
   "options": "\nYes\nNo",
   "read_only": 0,
   "reqd": 0,
   "show_in_filter": 0
  },
  {
   "allow_read_on_all_link_options": 0,
   "fieldname": "",
   "fieldtype": "Section Break",
   "hidden": 0,
   "label": "<h5><b>9) Which Aspects of your Job were you: </b></h5>",
   "max_length": 0,
   "max_value": 0,
   "options": "",
   "read_only": 0,
   "reqd": 0,
   "show_in_filter": 0
  },
  {
   "allow_read_on_all_link_options": 0,
   "fieldtype": "Small Text",
   "hidden": 0,
   "label": "Most Satisfied With:",
   "max_length": 0,
   "max_value": 0,
   "read_only": 0,
   "reqd": 0,
   "show_in_filter": 0
  },
  {
   "allow_read_on_all_link_options": 0,
   "fieldname": "",
   "fieldtype": "Column Break",
   "hidden": 0,
   "label": "",
   "max_length": 0,
   "max_value": 0,
   "options": "",
   "read_only": 0,
   "reqd": 0,
   "show_in_filter": 0
  },
  {
   "allow_read_on_all_link_options": 0,
   "fieldtype": "Small Text",
   "hidden": 0,
   "label": "Least Satisfied With:",
   "max_length": 0,
   "max_value": 0,
   "read_only": 0,
   "reqd": 0,
   "show_in_filter": 0
  },
  {
   "allow_read_on_all_link_options": 0,
   "fieldname": "",
   "fieldtype": "Section Break",
   "hidden": 0,
   "label": "<h5><b>10) In what way has the organization does not met your expectations?</b></h5>",
   "max_length": 0,
   "max_value": 0,
   "options": "",
   "read_only": 0,
   "reqd": 0,
   "show_in_filter": 0
  },
  {
   "allow_read_on_all_link_options": 0,
   "fieldtype": "Small Text",
   "hidden": 0,
   "max_length": 0,
   "max_value": 0,
   "read_only": 0,
   "reqd": 0,
   "show_in_filter": 0
  },
  {
   "allow_read_on_all_link_options": 0,
   "fieldname": "",
   "fieldtype": "Section Break",
   "hidden": 0,
   "label": "<h5><b>11) What are your suggestions for overall improvement? </b></h5>",
   "max_length": 0,
   "max_value": 0,
   "options": "",
   "read_only": 0,
   "reqd": 0,
   "show_in_filter": 0
  },
  {
   "allow_read_on_all_link_options": 0,
   "fieldtype": "Small Text",
   "hidden": 0,
   "max_length": 0,
   "max_value": 0,
   "read_only": 0,
   "reqd": 0,
   "show_in_filter": 0
  }
 ]
}