{
 "_liked_by": "[\"Administrator\"]",
 "absolute_value": 0,
 "align_labels_right": 0,
 "creation": "2024-08-10 15:49:28.067070",
 "css": "",
 "custom_format": 1,
 "default_print_language": "en",
 "disabled": 0,
 "doc_type": "Employee",
 "docstatus": 0,
 "doctype": "Print Format",
 "font_size": 14,
 "html": "<br><br><br>\n<div>\n    <div style='margin-right:370px;'>\n        <p>\n            <b>TO,</b>\n        </p>\n        <p>\n            {{ doc.employee_name or \"\" }}\n        </p>\n        <p>\n            {{ doc.permanent_address or \"\" }}\n        </p>\n        <p>\n            {{ doc.employee or \"\" }}\n        </p>\n    </div>\n    \n    <br>\n    <p>\n        <b>SUBJECT:</b> CONFIRMATION LETTER.\n    </p>\n    <br>\n    <p>\n        Please refer Your appointment letter dated {{ doc.appointment_letter_date or \"\" }} where in you were appointed on probation for a period of {{ doc.probation_period or \"\" }} months which is due to end on {{ doc.probation_period_end_date or \"\" }}. Based on your performance during probation period, the management is pleased to confirm you in the services of the company with effect from {{ doc.employment_start_date or \"\" }} as {{ doc.designation or \"\" }}. You will continue to be governed by terms and conditions of your appointment letter.\n    </p>\n    <p style=\"margin-top:10px;\">\n        We are sure that you will exhibit high commitment with utmost sincerity and dedication and will continue to strive for better results in furtherance of the interest of the company.\n    </p>\n    <p style=\"margin-top:10px;\">\n        We look forward to you having a long and fruitful relationship with company.\n    </p>\n    <br><br><br><br>\n    <p>\n        <b>Your Sincerely</b>\n    </p>\n</div>",
 "idx": 0,
 "line_breaks": 0,
 "margin_bottom": 15.0,
 "margin_left": 15.0,
 "margin_right": 15.0,
 "margin_top": 15.0,
 "modified": "2024-08-14 15:12:19.474094",
 "modified_by": "Administrator",
 "module": "Mumal HR",
 "name": "Confirmation Letter",
 "owner": "Administrator",
 "page_number": "Hide",
 "print_format_builder": 0,
 "print_format_builder_beta": 0,
 "print_format_type": "Jinja",
 "raw_printing": 0,
 "show_section_headings": 0,
 "standard": "Yes"
}