{
 "actions": [],
 "allow_rename": 1,
 "creation": "2024-07-24 13:46:32.002891",
 "doctype": "DocType",
 "editable_grid": 1,
 "engine": "InnoDB",
 "field_order": [
  "question_english",
  "question_hindi"
 ],
 "fields": [
  {
   "fieldname": "question_english",
   "fieldtype": "Data",
   "in_list_view": 1,
   "label": "Question (English)"
  },
  {
   "fieldname": "question_hindi",
   "fieldtype": "Data",
   "in_list_view": 1,
   "label": "Question (Hindi)"
  }
 ],
 "index_web_pages_for_search": 1,
 "istable": 1,
 "links": [],
 "modified": "2024-07-24 13:48:14.240230",
 "modified_by": "Administrator",
 "module": "Mumal HR",
 "name": "Training Feedback Questions",
 "owner": "Administrator",
 "permissions": [],
 "sort_field": "modified",
 "sort_order": "DESC",
 "states": []
}