{
 "_liked_by": "[\"Administrator\"]",
 "absolute_value": 0,
 "align_labels_right": 0,
 "creation": "2024-08-05 15:42:45.954606",
 "css": ".signature{\n    margin-top:50px !important;\n}\n.print-format {\n    font-size: 15px !important;\n    line-height: 1.5rem !important;\n    padding: 0.50in !important;\n}",
 "custom_format": 1,
 "default_print_language": "en",
 "disabled": 0,
 "doc_type": "Employee Transfer",
 "docstatus": 0,
 "doctype": "Print Format",
 "font_size": 14,
 "html": "{% set current_date = frappe.utils.nowdate() %}\n{% set formatted_date = frappe.utils.formatdate(current_date, \"dd-MM-yyyy\") %}\n<p align='right'><b>Date: </b>{{ formatted_date or '' }}</p>\n\n<p class=\"space\"><b>Name: </b>{{ doc.employee_name or '' }}</p>\n<p><b>Emp Code: </b>{{ doc.employee or '' }}</p>\n<p><b>Designation: </b>{{ doc.custom_designation or '' }}</p><br><br>\n\n<h4 align='center'>Subject: Transfer</h4>\n\n{% set first_transfer_detail = doc.transfer_details[0] if doc.transfer_details and doc.transfer_details|length > 0 else None %}\n{% set transfer_new_field_value = first_transfer_detail.new if first_transfer_detail else '' %}\n{% set transfer_date = frappe.utils.get_datetime(doc.transfer_date).strftime('%d-%m-%Y') if doc.transfer_date else '' %}\n\n<p>Looking to exegency of work, your services are hereby transferred to <b>{{ transfer_new_field_value }}</b> wef <b>{{ transfer_date }}</b>. Remaining all other terms and conditions of your employment will remain intact. You are advised to report for duty to your transferred place of work and take charge of your post.</p>\n\n<p class=\"signature\"><b>Authorized Signatory</b></p>\n",
 "idx": 0,
 "line_breaks": 0,
 "margin_bottom": 15.0,
 "margin_left": 15.0,
 "margin_right": 15.0,
 "margin_top": 15.0,
 "modified": "2024-08-13 18:34:19.153666",
 "modified_by": "Administrator",
 "module": "Mumal HR",
 "name": "Transfer Letter",
 "owner": "Administrator",
 "page_number": "Hide",
 "print_format_builder": 0,
 "print_format_builder_beta": 0,
 "print_format_type": "Jinja",
 "raw_printing": 0,
 "show_section_headings": 0,
 "standard": "Yes"
}