{
 "actions": [],
 "allow_rename": 1,
 "creation": "2024-09-04 13:40:25.814532",
 "doctype": "DocType",
 "editable_grid": 1,
 "engine": "InnoDB",
 "field_order": [
  "question",
  "answer"
 ],
 "fields": [
  {
   "fieldname": "question",
   "fieldtype": "Link",
   "in_list_view": 1,
   "label": "Question",
   "options": "Self Appraisal Question"
  },
  {
   "fieldname": "answer",
   "fieldtype": "Small Text",
   "in_list_view": 1,
   "label": "Answer"
  }
 ],
 "index_web_pages_for_search": 1,
 "istable": 1,
 "links": [],
 "modified": "2024-09-04 13:50:08.015673",
 "modified_by": "Administrator",
 "module": "Mumal HR",
 "name": "Self Appraisal",
 "owner": "Administrator",
 "permissions": [],
 "sort_field": "modified",
 "sort_order": "DESC",
 "states": []
}