{
 "add_total_row": 0,
 "columns": [],
 "creation": "2024-09-04 16:55:24.065488",
 "disable_prepared_report": 0,
 "disabled": 0,
 "docstatus": 0,
 "doctype": "Report",
 "filters": [],
 "idx": 0,
 "is_standard": "Yes",
 "letter_head": "VARDHMAN MINING PVT LTD",
 "modified": "2024-09-04 16:55:24.065488",
 "modified_by": "Administrator",
 "module": "Mumal HR",
 "name": "Employee Increment Report",
 "owner": "Administrator",
 "prepared_report": 0,
 "ref_doctype": "Employee Increment",
 "report_name": "Employee Increment Report",
 "report_type": "Script Report",
 "roles": []
}