{
 "actions": [],
 "allow_rename": 1,
 "creation": "2024-07-09 18:38:01.847288",
 "doctype": "DocType",
 "editable_grid": 1,
 "engine": "InnoDB",
 "field_order": [
  "asset",
  "department",
  "model_no",
  "status",
  "column_break_53rtx",
  "allocation_date",
  "returned_date"
 ],
 "fields": [
  {
   "fieldname": "asset",
   "fieldtype": "Link",
   "in_list_view": 1,
   "label": "Asset",
   "options": "Employee Asset"
  },
  {
   "fieldname": "model_no",
   "fieldtype": "Data",
   "in_list_view": 1,
   "label": "Model No"
  },
  {
   "fieldname": "status",
   "fieldtype": "Select",
   "in_list_view": 1,
   "label": "Status",
   "options": "Issued\nReturned"
  },
  {
   "fieldname": "column_break_53rtx",
   "fieldtype": "Column Break"
  },
  {
   "fieldname": "allocation_date",
   "fieldtype": "Date",
   "in_list_view": 1,
   "label": "Allocation Date"
  },
  {
   "depends_on": "eval:doc.status=='Returned'",
   "fieldname": "returned_date",
   "fieldtype": "Date",
   "in_list_view": 1,
   "label": "Returned Date"
  },
  {
   "fetch_from": "asset.department",
   "fieldname": "department",
   "fieldtype": "Data",
   "in_list_view": 1,
   "label": "Department"
  }
 ],
 "index_web_pages_for_search": 1,
 "istable": 1,
 "links": [],
 "modified": "2024-08-23 13:49:07.127380",
 "modified_by": "Administrator",
 "module": "Mumal HR",
 "name": "Employee Asset Allocation",
 "owner": "Administrator",
 "permissions": [],
 "sort_field": "modified",
 "sort_order": "DESC",
 "states": []
}