[
 {
  "default_value": null,
  "doc_type": "Employee",
  "docstatus": 0,
  "doctype": "Property Setter",
  "doctype_or_field": "DocField",
  "field_name": "uan_number",
  "is_system_generated": 0,
  "modified": "2024-08-23 16:36:55.865137",
  "module": "Mumal HR",
  "name": "Employee-uan_number-mandatory_depends_on",
  "property": "mandatory_depends_on",
  "property_type": "Data",
  "row_name": null,
  "value": "eval:doc.custom_pf==1"
 },
 {
  "default_value": null,
  "doc_type": "Employee Transfer",
  "docstatus": 0,
  "doctype": "Property Setter",
  "doctype_or_field": "DocType",
  "field_name": null,
  "is_system_generated": 1,
  "modified": "2024-08-23 16:36:55.407505",
  "module": "Mumal HR",
  "name": "Employee Transfer-main-default_print_format",
  "property": "default_print_format",
  "property_type": "Data",
  "row_name": null,
  "value": "Transfer Letter"
 },
 {
  "default_value": null,
  "doc_type": "Employee Promotion",
  "docstatus": 0,
  "doctype": "Property Setter",
  "doctype_or_field": "DocType",
  "field_name": null,
  "is_system_generated": 0,
  "modified": "2024-08-23 16:36:55.462762",
  "module": "Mumal HR",
  "name": "Employee Promotion-main-quick_entry",
  "property": "quick_entry",
  "property_type": "Check",
  "row_name": null,
  "value": "0"
 },
 {
  "default_value": null,
  "doc_type": "Employee Transfer",
  "docstatus": 0,
  "doctype": "Property Setter",
  "doctype_or_field": "DocType",
  "field_name": null,
  "is_system_generated": 0,
  "modified": "2024-08-23 16:36:55.418858",
  "module": "Mumal HR",
  "name": "Employee Transfer-main-field_order",
  "property": "field_order",
  "property_type": "Data",
  "row_name": null,
  "value": "[\"employee\", \"employee_name\", \"transfer_date\", \"custom_reason_for_transfer\", \"column_break_3\", \"company\", \"new_company\", \"department\", \"custom_designation\", \"details_section\", \"transfer_details\", \"reallocate_leaves\", \"create_new_employee_id\", \"new_employee_id\", \"amended_from\"]"
 },
 {
  "default_value": null,
  "doc_type": "Full and Final Outstanding Statement",
  "docstatus": 0,
  "doctype": "Property Setter",
  "doctype_or_field": "DocField",
  "field_name": "reference_document",
  "is_system_generated": 0,
  "modified": "2024-08-23 16:36:55.429254",
  "module": "Mumal HR",
  "name": "Full and Final Outstanding Statement-reference_document-mandatory_depends_on",
  "property": "mandatory_depends_on",
  "property_type": "Data",
  "row_name": null,
  "value": ""
 },
 {
  "default_value": null,
  "doc_type": "Full and Final Statement",
  "docstatus": 0,
  "doctype": "Property Setter",
  "doctype_or_field": "DocField",
  "field_name": "assets_allocated",
  "is_system_generated": 0,
  "modified": "2024-08-23 16:36:55.440287",
  "module": "Mumal HR",
  "name": "Full and Final Statement-assets_allocated-hidden",
  "property": "hidden",
  "property_type": "Check",
  "row_name": null,
  "value": "1"
 },
 {
  "default_value": null,
  "doc_type": "Employee Promotion",
  "docstatus": 0,
  "doctype": "Property Setter",
  "doctype_or_field": "DocType",
  "field_name": null,
  "is_system_generated": 1,
  "modified": "2024-08-23 16:36:55.473952",
  "module": "Mumal HR",
  "name": "Employee Promotion-main-default_print_format",
  "property": "default_print_format",
  "property_type": "Data",
  "row_name": null,
  "value": "Promotion Letter"
 },
 {
  "default_value": null,
  "doc_type": "Employee Promotion",
  "docstatus": 0,
  "doctype": "Property Setter",
  "doctype_or_field": "DocType",
  "field_name": null,
  "is_system_generated": 0,
  "modified": "2024-08-23 16:36:55.484865",
  "module": "Mumal HR",
  "name": "Employee Promotion-main-field_order",
  "property": "field_order",
  "property_type": "Data",
  "row_name": null,
  "value": "[\"employee\", \"employee_name\", \"department\", null, \"salary_currency\", \"column_break_3\", \"promotion_date\", \"company\", \"details_section\", \"promotion_details\", \"custom_revised_salary_breakup\", \"salary_details_section\", \"current_ctc\", \"column_break_12\", \"revised_ctc\", \"custom_section_break_47hlb\", \"custom_earnings\", \"custom_column_break_o0esc\", \"custom_deduction\", \"amended_from\"]"
 },
 {
  "default_value": null,
  "doc_type": "Interview Detail",
  "docstatus": 0,
  "doctype": "Property Setter",
  "doctype_or_field": "DocType",
  "field_name": null,
  "is_system_generated": 0,
  "modified": "2024-08-23 16:36:55.723637",
  "module": "Mumal HR",
  "name": "Interview Detail-main-search_fields",
  "property": "search_fields",
  "property_type": "Data",
  "row_name": null,
  "value": "custom_interviewer_name"
 },
 {
  "default_value": null,
  "doc_type": "Appointment Letter",
  "docstatus": 0,
  "doctype": "Property Setter",
  "doctype_or_field": "DocField",
  "field_name": "company",
  "is_system_generated": 0,
  "modified": "2024-08-23 16:36:55.887969",
  "module": "Mumal HR",
  "name": "Appointment Letter-company-fetch_from",
  "property": "fetch_from",
  "property_type": "Small Text",
  "row_name": null,
  "value": "custom_employee.company"
 },
 {
  "default_value": null,
  "doc_type": "Job Offer",
  "docstatus": 0,
  "doctype": "Property Setter",
  "doctype_or_field": "DocField",
  "field_name": "company",
  "is_system_generated": 0,
  "modified": "2024-08-23 16:36:55.559765",
  "module": "Mumal HR",
  "name": "Job Offer-company-fetch_from",
  "property": "fetch_from",
  "property_type": "Small Text",
  "row_name": null,
  "value": "job_applicant.custom_company"
 },
 {
  "default_value": null,
  "doc_type": "Interview Feedback",
  "docstatus": 0,
  "doctype": "Property Setter",
  "doctype_or_field": "DocType",
  "field_name": null,
  "is_system_generated": 0,
  "modified": "2024-08-23 16:36:55.613490",
  "module": "Mumal HR",
  "name": "Interview Feedback-main-field_order",
  "property": "field_order",
  "property_type": "Data",
  "row_name": null,
  "value": "[\"details_section\", \"interview\", \"interview_round\", \"custom_designation\", \"job_applicant\", \"custom_applicant_name\", \"custom_rating\", \"column_break_3\", \"custom_date_of_interview\", \"interviewer\", \"custom_interviewer_name\", \"result\", \"custom_recommend_for_employment\", \"custom_interview_assessment_section\", \"custom_rating_scale\", \"custom_ratings\", \"section_break_4\", \"skill_assessment\", \"average_rating\", \"section_break_7\", \"feedback\", \"custom_remarks\", \"amended_from\"]"
 },
 {
  "default_value": null,
  "doc_type": "Training Need Identification",
  "docstatus": 0,
  "doctype": "Property Setter",
  "doctype_or_field": "DocField",
  "field_name": "naming_series",
  "is_system_generated": 0,
  "modified": "2024-08-23 16:36:55.643202",
  "module": "Mumal HR",
  "name": "Training Need Identification-naming_series-options",
  "property": "options",
  "property_type": "Text",
  "row_name": null,
  "value": "HR-TNI-"
 },
 {
  "default_value": null,
  "doc_type": "Job Applicant",
  "docstatus": 0,
  "doctype": "Property Setter",
  "doctype_or_field": "DocField",
  "field_name": "cover_letter",
  "is_system_generated": 0,
  "modified": "2024-08-23 16:36:55.143749",
  "module": "Mumal HR",
  "name": "Job Applicant-cover_letter-hidden",
  "property": "hidden",
  "property_type": "Check",
  "row_name": null,
  "value": "1"
 },
 {
  "default_value": null,
  "doc_type": "Job Applicant",
  "docstatus": 0,
  "doctype": "Property Setter",
  "doctype_or_field": "DocField",
  "field_name": "designation",
  "is_system_generated": 0,
  "modified": "2024-08-23 16:36:55.216526",
  "module": "Mumal HR",
  "name": "Job Applicant-designation-fetch_from",
  "property": "fetch_from",
  "property_type": "Small Text",
  "row_name": null,
  "value": "job_title.designation"
 },
 {
  "default_value": null,
  "doc_type": "Job Applicant",
  "docstatus": 0,
  "doctype": "Property Setter",
  "doctype_or_field": "DocField",
  "field_name": "designation",
  "is_system_generated": 0,
  "modified": "2024-08-23 16:36:55.205553",
  "module": "Mumal HR",
  "name": "Job Applicant-designation-fetch_if_empty",
  "property": "fetch_if_empty",
  "property_type": "Check",
  "row_name": null,
  "value": "0"
 },
 {
  "default_value": null,
  "doc_type": "Interview Round",
  "docstatus": 0,
  "doctype": "Property Setter",
  "doctype_or_field": "DocType",
  "field_name": null,
  "is_system_generated": 0,
  "modified": "2024-08-23 16:36:55.132884",
  "module": "Mumal HR",
  "name": "Interview Round-main-field_order",
  "property": "field_order",
  "property_type": "Data",
  "row_name": null,
  "value": "[\"round_name\", \"interview_type\", \"interviewers\", \"column_break_3\", \"custom_round\", \"designation\", \"expected_average_rating\", \"expected_skills_section\", \"expected_skill_set\"]"
 },
 {
  "default_value": null,
  "doc_type": "Interview Round",
  "docstatus": 0,
  "doctype": "Property Setter",
  "doctype_or_field": "DocField",
  "field_name": "interview_type",
  "is_system_generated": 0,
  "modified": "2024-08-23 16:36:55.121312",
  "module": "Mumal HR",
  "name": "Interview Round-interview_type-reqd",
  "property": "reqd",
  "property_type": "Check",
  "row_name": null,
  "value": "0"
 },
 {
  "default_value": null,
  "doc_type": "Staffing Plan",
  "docstatus": 0,
  "doctype": "Property Setter",
  "doctype_or_field": "DocType",
  "field_name": null,
  "is_system_generated": 0,
  "modified": "2024-08-23 16:36:56.035761",
  "module": "Mumal HR",
  "name": "Staffing Plan-main-field_order",
  "property": "field_order",
  "property_type": "Data",
  "row_name": null,
  "value": "[\"company\", \"department\", \"column_break_3\", \"from_date\", \"to_date\", \"custom_enable\", \"staffing_plan_details\", \"get_job_requisitions\", \"staffing_details\", \"section_break_8\", \"total_estimated_budget\", \"amended_from\"]"
 },
 {
  "default_value": null,
  "doc_type": "Job Opening",
  "docstatus": 0,
  "doctype": "Property Setter",
  "doctype_or_field": "DocField",
  "field_name": "job_title",
  "is_system_generated": 0,
  "modified": "2024-08-23 16:36:55.097796",
  "module": "Mumal HR",
  "name": "Job Opening-job_title-reqd",
  "property": "reqd",
  "property_type": "Check",
  "row_name": null,
  "value": "0"
 },
 {
  "default_value": null,
  "doc_type": "Job Opening",
  "docstatus": 0,
  "doctype": "Property Setter",
  "doctype_or_field": "DocType",
  "field_name": null,
  "is_system_generated": 0,
  "modified": "2024-08-23 16:36:55.086421",
  "module": "Mumal HR",
  "name": "Job Opening-main-naming_rule",
  "property": "naming_rule",
  "property_type": "Data",
  "row_name": null,
  "value": "Set by user"
 },
 {
  "default_value": null,
  "doc_type": "Job Opening",
  "docstatus": 0,
  "doctype": "Property Setter",
  "doctype_or_field": "DocType",
  "field_name": null,
  "is_system_generated": 0,
  "modified": "2024-08-23 16:36:55.075489",
  "module": "Mumal HR",
  "name": "Job Opening-main-autoname",
  "property": "autoname",
  "property_type": "Data",
  "row_name": null,
  "value": "prompt"
 },
 {
  "default_value": null,
  "doc_type": "Interview Round",
  "docstatus": 0,
  "doctype": "Property Setter",
  "doctype_or_field": "DocField",
  "field_name": "interview_type",
  "is_system_generated": 0,
  "modified": "2024-08-23 16:36:55.109601",
  "module": "Mumal HR",
  "name": "Interview Round-interview_type-hidden",
  "property": "hidden",
  "property_type": "Check",
  "row_name": null,
  "value": "1"
 },
 {
  "default_value": null,
  "doc_type": "Job Applicant",
  "docstatus": 0,
  "doctype": "Property Setter",
  "doctype_or_field": "DocField",
  "field_name": "status",
  "is_system_generated": 0,
  "modified": "2024-08-23 16:36:55.193359",
  "module": "Mumal HR",
  "name": "Job Applicant-status-hidden",
  "property": "hidden",
  "property_type": "Check",
  "row_name": null,
  "value": "1"
 },
 {
  "default_value": null,
  "doc_type": "Job Applicant",
  "docstatus": 0,
  "doctype": "Property Setter",
  "doctype_or_field": "DocField",
  "field_name": "status",
  "is_system_generated": 0,
  "modified": "2024-08-23 16:36:55.180911",
  "module": "Mumal HR",
  "name": "Job Applicant-status-options",
  "property": "options",
  "property_type": "Select",
  "row_name": null,
  "value": "Open\nReplied\nHold\nRejected\nHR Round - Pending\nHR Round - Under Review\nHR Round - Cleared\nHR Round - Rejected\nHR Round - Not Appeared\nDepartment Round - Pending\nDepartment Round - Under Review\nDepartment Round - Cleared\nDepartment Round - Rejected\nDepartment Round - Not Appeared\nManagement Round - Pending\nManagement Round - Under Review\nManagement Round - Cleared\nManagement Round - Rejected\nManagement Round - Not Appeared\nGeneral Round - Pending\nGeneral Round - Under Review\nGeneral Round - Cleared\nGeneral Round - Rejected\nGeneral Round - Not Appeared\nJob Offer - Awaiting Response\nJob Offer - Accepted\nJob Offer - Rejected"
 },
 {
  "default_value": null,
  "doc_type": "Interview",
  "docstatus": 0,
  "doctype": "Property Setter",
  "doctype_or_field": "DocField",
  "field_name": "status",
  "is_system_generated": 0,
  "modified": "2024-08-23 16:36:55.679207",
  "module": "Mumal HR",
  "name": "Interview-status-options",
  "property": "options",
  "property_type": "Select",
  "row_name": null,
  "value": "Pending\nUnder Review\nCleared\nRejected\nNot Appeared"
 },
 {
  "default_value": null,
  "doc_type": "Interview",
  "docstatus": 0,
  "doctype": "Property Setter",
  "doctype_or_field": "DocField",
  "field_name": "from_time",
  "is_system_generated": 0,
  "modified": "2024-08-23 16:36:55.667993",
  "module": "Mumal HR",
  "name": "Interview-from_time-set_only_once",
  "property": "set_only_once",
  "property_type": "Check",
  "row_name": null,
  "value": "0"
 },
 {
  "default_value": null,
  "doc_type": "Interview",
  "docstatus": 0,
  "doctype": "Property Setter",
  "doctype_or_field": "DocField",
  "field_name": "to_time",
  "is_system_generated": 0,
  "modified": "2024-08-23 16:36:55.656065",
  "module": "Mumal HR",
  "name": "Interview-to_time-set_only_once",
  "property": "set_only_once",
  "property_type": "Check",
  "row_name": null,
  "value": "0"
 },
 {
  "default_value": null,
  "doc_type": "Job Offer",
  "docstatus": 0,
  "doctype": "Property Setter",
  "doctype_or_field": "DocField",
  "field_name": "designation",
  "is_system_generated": 0,
  "modified": "2024-08-23 16:36:55.515773",
  "module": "Mumal HR",
  "name": "Job Offer-designation-fetch_from",
  "property": "fetch_from",
  "property_type": "Small Text",
  "row_name": null,
  "value": "job_applicant.designation"
 },
 {
  "default_value": null,
  "doc_type": "Job Offer",
  "docstatus": 0,
  "doctype": "Property Setter",
  "doctype_or_field": "DocField",
  "field_name": "select_terms",
  "is_system_generated": 0,
  "modified": "2024-08-23 16:36:55.505275",
  "module": "Mumal HR",
  "name": "Job Offer-select_terms-hidden",
  "property": "hidden",
  "property_type": "Check",
  "row_name": null,
  "value": "1"
 },
 {
  "default_value": null,
  "doc_type": "Job Offer",
  "docstatus": 0,
  "doctype": "Property Setter",
  "doctype_or_field": "DocField",
  "field_name": "terms",
  "is_system_generated": 0,
  "modified": "2024-08-23 16:36:55.495137",
  "module": "Mumal HR",
  "name": "Job Offer-terms-hidden",
  "property": "hidden",
  "property_type": "Check",
  "row_name": null,
  "value": "1"
 },
 {
  "default_value": null,
  "doc_type": "Job Offer Term",
  "docstatus": 0,
  "doctype": "Property Setter",
  "doctype_or_field": "DocField",
  "field_name": "value",
  "is_system_generated": 0,
  "modified": "2024-08-23 16:36:56.047615",
  "module": "Mumal HR",
  "name": "Job Offer Term-value-reqd",
  "property": "reqd",
  "property_type": "Check",
  "row_name": null,
  "value": "0"
 },
 {
  "default_value": null,
  "doc_type": "Staffing Plan Detail",
  "docstatus": 0,
  "doctype": "Property Setter",
  "doctype_or_field": "DocField",
  "field_name": "number_of_positions",
  "is_system_generated": 0,
  "modified": "2024-08-23 16:36:56.059060",
  "module": "Mumal HR",
  "name": "Staffing Plan Detail-number_of_positions-hidden",
  "property": "hidden",
  "property_type": "Check",
  "row_name": null,
  "value": "1"
 },
 {
  "default_value": null,
  "doc_type": "Staffing Plan Detail",
  "docstatus": 0,
  "doctype": "Property Setter",
  "doctype_or_field": "DocType",
  "field_name": null,
  "is_system_generated": 0,
  "modified": "2024-08-23 16:36:56.070617",
  "module": "Mumal HR",
  "name": "Staffing Plan Detail-main-field_order",
  "property": "field_order",
  "property_type": "Data",
  "row_name": null,
  "value": "[\"designation\", \"vacancies\", \"estimated_cost_per_position\", \"total_estimated_cost\", \"column_break_5\", \"current_count\", \"current_openings\", \"number_of_positions\", \"custom_hired_vacancy\"]"
 },
 {
  "default_value": null,
  "doc_type": "Job Opening",
  "docstatus": 0,
  "doctype": "Property Setter",
  "doctype_or_field": "DocType",
  "field_name": null,
  "is_system_generated": 0,
  "modified": "2024-08-23 16:36:55.064552",
  "module": "Mumal HR",
  "name": "Job Opening-main-field_order",
  "property": "field_order",
  "property_type": "Data",
  "row_name": null,
  "value": "[\"job_title\", \"company\", \"status\", \"column_break_5\", \"designation\", \"department\", \"references_section\", \"staffing_plan\", \"planned_vacancies\", \"job_requisition\", \"vacancies\", \"custom_hired_vacancy\", \"section_break_6\", \"publish\", \"route\", \"column_break_12\", \"job_application_route\", \"section_break_14\", \"description\", \"section_break_16\", \"currency\", \"lower_range\", \"upper_range\", \"column_break_20\", \"publish_salary_range\"]"
 },
 {
  "default_value": null,
  "doc_type": "Interview Feedback",
  "docstatus": 0,
  "doctype": "Property Setter",
  "doctype_or_field": "DocField",
  "field_name": "section_break_4",
  "is_system_generated": 0,
  "modified": "2024-08-23 16:36:55.584436",
  "module": "Mumal HR",
  "name": "Interview Feedback-section_break_4-hidden",
  "property": "hidden",
  "property_type": "Check",
  "row_name": null,
  "value": "1"
 },
 {
  "default_value": null,
  "doc_type": "Interview Feedback",
  "docstatus": 0,
  "doctype": "Property Setter",
  "doctype_or_field": "DocField",
  "field_name": "skill_assessment",
  "is_system_generated": 0,
  "modified": "2024-08-23 16:36:55.570891",
  "module": "Mumal HR",
  "name": "Interview Feedback-skill_assessment-reqd",
  "property": "reqd",
  "property_type": "Check",
  "row_name": null,
  "value": "0"
 },
 {
  "default_value": null,
  "doc_type": "Skill Assessment",
  "docstatus": 0,
  "doctype": "Property Setter",
  "doctype_or_field": "DocField",
  "field_name": "skill",
  "is_system_generated": 0,
  "modified": "2024-08-23 16:36:56.081561",
  "module": "Mumal HR",
  "name": "Skill Assessment-skill-reqd",
  "property": "reqd",
  "property_type": "Check",
  "row_name": null,
  "value": "0"
 },
 {
  "default_value": null,
  "doc_type": "Skill Assessment",
  "docstatus": 0,
  "doctype": "Property Setter",
  "doctype_or_field": "DocField",
  "field_name": "rating",
  "is_system_generated": 0,
  "modified": "2024-08-23 16:36:56.092546",
  "module": "Mumal HR",
  "name": "Skill Assessment-rating-reqd",
  "property": "reqd",
  "property_type": "Check",
  "row_name": null,
  "value": "0"
 },
 {
  "default_value": null,
  "doc_type": "Job Applicant",
  "docstatus": 0,
  "doctype": "Property Setter",
  "doctype_or_field": "DocField",
  "field_name": "status",
  "is_system_generated": 0,
  "modified": "2024-08-23 16:36:55.155465",
  "module": "Mumal HR",
  "name": "Job Applicant-status-reqd",
  "property": "reqd",
  "property_type": "Check",
  "row_name": null,
  "value": "0"
 },
 {
  "default_value": null,
  "doc_type": "Job Applicant",
  "docstatus": 0,
  "doctype": "Property Setter",
  "doctype_or_field": "DocField",
  "field_name": "status",
  "is_system_generated": 0,
  "modified": "2024-08-23 16:36:55.166710",
  "module": "Mumal HR",
  "name": "Job Applicant-status-in_standard_filter",
  "property": "in_standard_filter",
  "property_type": "Check",
  "row_name": null,
  "value": "0"
 },
 {
  "default_value": null,
  "doc_type": "Job Applicant",
  "docstatus": 0,
  "doctype": "Property Setter",
  "doctype_or_field": "DocType",
  "field_name": null,
  "is_system_generated": 1,
  "modified": "2024-08-23 16:36:55.260940",
  "module": "Mumal HR",
  "name": "Job Applicant-main-default_print_format",
  "property": "default_print_format",
  "property_type": "Data",
  "row_name": null,
  "value": "Applicant Details"
 },
 {
  "default_value": null,
  "doc_type": "Job Requisition",
  "docstatus": 0,
  "doctype": "Property Setter",
  "doctype_or_field": "DocType",
  "field_name": null,
  "is_system_generated": 1,
  "modified": "2024-08-23 16:36:55.271412",
  "module": "Mumal HR",
  "name": "Job Requisition-main-default_print_format",
  "property": "default_print_format",
  "property_type": "Data",
  "row_name": null,
  "value": "Manpower Requisition"
 },
 {
  "default_value": null,
  "doc_type": "Training Feedback",
  "docstatus": 0,
  "doctype": "Property Setter",
  "doctype_or_field": "DocField",
  "field_name": "section_break_6",
  "is_system_generated": 0,
  "modified": "2024-08-23 16:36:55.360375",
  "module": "Mumal HR",
  "name": "Training Feedback-section_break_6-label",
  "property": "label",
  "property_type": "Data",
  "row_name": null,
  "value": "Training Feedback"
 },
 {
  "default_value": null,
  "doc_type": "Training Feedback",
  "docstatus": 0,
  "doctype": "Property Setter",
  "doctype_or_field": "DocField",
  "field_name": "feedback",
  "is_system_generated": 0,
  "modified": "2024-08-23 16:36:55.348554",
  "module": "Mumal HR",
  "name": "Training Feedback-feedback-label",
  "property": "label",
  "property_type": "Data",
  "row_name": null,
  "value": "Remarks"
 },
 {
  "default_value": null,
  "doc_type": "Training Feedback",
  "docstatus": 0,
  "doctype": "Property Setter",
  "doctype_or_field": "DocField",
  "field_name": "feedback",
  "is_system_generated": 0,
  "modified": "2024-08-23 16:36:55.337073",
  "module": "Mumal HR",
  "name": "Training Feedback-feedback-reqd",
  "property": "reqd",
  "property_type": "Check",
  "row_name": null,
  "value": "0"
 },
 {
  "default_value": null,
  "doc_type": "Job Offer",
  "docstatus": 0,
  "doctype": "Property Setter",
  "doctype_or_field": "DocType",
  "field_name": null,
  "is_system_generated": 1,
  "modified": "2024-08-23 16:36:55.548743",
  "module": "Mumal HR",
  "name": "Job Offer-main-default_print_format",
  "property": "default_print_format",
  "property_type": "Data",
  "row_name": null,
  "value": "Offer Letter"
 },
 {
  "default_value": null,
  "doc_type": "Job Offer",
  "docstatus": 0,
  "doctype": "Property Setter",
  "doctype_or_field": "DocField",
  "field_name": "job_offer_term_template",
  "is_system_generated": 0,
  "modified": "2024-08-23 16:36:55.526166",
  "module": "Mumal HR",
  "name": "Job Offer-job_offer_term_template-reqd",
  "property": "reqd",
  "property_type": "Check",
  "row_name": null,
  "value": "1"
 },
 {
  "default_value": null,
  "doc_type": "Job Offer",
  "docstatus": 0,
  "doctype": "Property Setter",
  "doctype_or_field": "DocType",
  "field_name": null,
  "is_system_generated": 0,
  "modified": "2024-08-23 16:36:55.537354",
  "module": "Mumal HR",
  "name": "Job Offer-main-field_order",
  "property": "field_order",
  "property_type": "Data",
  "row_name": null,
  "value": "[\"job_applicant\", \"applicant_name\", \"applicant_email\", \"custom_job_opening\", \"column_break_3\", \"status\", \"offer_date\", \"designation\", \"company\", \"section_break_4\", \"job_offer_term_template\", \"offer_terms\", \"section_break_14\", \"select_terms\", \"terms\", \"printing_details\", \"letter_head\", \"column_break_16\", \"select_print_heading\", \"amended_from\", \"custom_salary_breakup\", \"custom_earnings\", \"custom_column_break_2ja7c\", \"custom_deduction\", \"custom_section_break_pjlgb\", \"custom_benefits\", \"custom_column_break_ueqz2\"]"
 },
 {
  "default_value": null,
  "doc_type": "Interview Feedback",
  "docstatus": 0,
  "doctype": "Property Setter",
  "doctype_or_field": "DocType",
  "field_name": null,
  "is_system_generated": 1,
  "modified": "2024-08-23 16:36:55.599035",
  "module": "Mumal HR",
  "name": "Interview Feedback-main-default_print_format",
  "property": "default_print_format",
  "property_type": "Data",
  "row_name": null,
  "value": "Interview Assesment Form"
 },
 {
  "default_value": null,
  "doc_type": "Job Applicant",
  "docstatus": 0,
  "doctype": "Property Setter",
  "doctype_or_field": "DocType",
  "field_name": null,
  "is_system_generated": 0,
  "modified": "2024-08-23 16:36:55.249986",
  "module": "Mumal HR",
  "name": "Job Applicant-main-field_order",
  "property": "field_order",
  "property_type": "Data",
  "row_name": null,
  "value": "[\"details_section\", \"custom_posting_date\", \"applicant_name\", \"email_id\", \"country\", \"column_break_3\", \"job_title\", \"custom_company\", \"designation\", \"status\", \"custom_interview_round\", \"custom_interview_status\", \"custom_qualifications_and_experience\", \"custom_qualifications\", \"custom_key_skills\", \"custom_experience\", \"custom_designation\", \"custom_column_break_wjipp\", \"custom_name_of_present_organization\", \"custom_working_since\", \"custom_current_salary\", \"custom_reason_of_leaving\", \"custom_notice_period\", \"custom_address__contact_details\", \"phone_number\", \"custom_age\", \"custom_current_address\", \"custom_column_break_wl8w3\", \"custom_caste\", \"custom_category\", \"custom_spouse_name\", \"custom_spouse_occupation\", \"custom_permanent_address\", \"custom_section_break_tspxz\", \"custom_family_members_details\", \"source_and_rating_section\", \"source\", \"source_name\", \"custom_reference_by\", \"employee_referral\", \"column_break_13\", \"applicant_rating\", \"section_break_6\", \"notes\", \"cover_letter\", \"resume_attachment\", \"resume_link\", \"section_break_16\", \"currency\", \"column_break_18\", \"lower_range\", \"upper_range\", \"custom_section_break_resuz\", \"custom_any_other_critical_relevant_information\"]"
 },
 {
  "default_value": null,
  "doc_type": "Interview Detail",
  "docstatus": 0,
  "doctype": "Property Setter",
  "doctype_or_field": "DocType",
  "field_name": null,
  "is_system_generated": 0,
  "modified": "2024-08-23 16:36:55.712855",
  "module": "Mumal HR",
  "name": "Interview Detail-main-field_order",
  "property": "field_order",
  "property_type": "Data",
  "row_name": null,
  "value": "[\"interviewer\", \"custom_interviewer_name\", \"interview_feedback\", \"average_rating\", \"result\", \"column_break_4\", \"comments\"]"
 },
 {
  "default_value": null,
  "doc_type": "Interview Detail",
  "docstatus": 0,
  "doctype": "Property Setter",
  "doctype_or_field": "DocField",
  "field_name": "interview_feedback",
  "is_system_generated": 0,
  "modified": "2024-08-23 16:36:55.700514",
  "module": "Mumal HR",
  "name": "Interview Detail-interview_feedback-in_list_view",
  "property": "in_list_view",
  "property_type": "Check",
  "row_name": null,
  "value": "0"
 },
 {
  "default_value": null,
  "doc_type": "Training Feedback",
  "docstatus": 0,
  "doctype": "Property Setter",
  "doctype_or_field": "DocType",
  "field_name": null,
  "is_system_generated": 0,
  "modified": "2024-08-23 16:36:55.326189",
  "module": "Mumal HR",
  "name": "Training Feedback-main-field_order",
  "property": "field_order",
  "property_type": "Data",
  "row_name": null,
  "value": "[\"employee\", \"employee_name\", \"department\", \"course\", \"custom_training_feedback_questionnaire_template\", \"column_break_3\", \"training_event\", \"event_name\", \"custom_company\", \"trainer_name\", \"section_break_6\", \"custom_feedback_answers\", \"feedback\", \"amended_from\"]"
 },
 {
  "default_value": null,
  "doc_type": "Appointment Letter Template",
  "docstatus": 0,
  "doctype": "Property Setter",
  "doctype_or_field": "DocField",
  "field_name": "introduction",
  "is_system_generated": 0,
  "modified": "2024-08-23 16:36:55.315589",
  "module": "Mumal HR",
  "name": "Appointment Letter Template-introduction-reqd",
  "property": "reqd",
  "property_type": "Check",
  "row_name": null,
  "value": "0"
 },
 {
  "default_value": null,
  "doc_type": "Appointment Letter Template",
  "docstatus": 0,
  "doctype": "Property Setter",
  "doctype_or_field": "DocField",
  "field_name": "introduction",
  "is_system_generated": 0,
  "modified": "2024-08-23 16:36:55.304588",
  "module": "Mumal HR",
  "name": "Appointment Letter Template-introduction-hidden",
  "property": "hidden",
  "property_type": "Check",
  "row_name": null,
  "value": "1"
 },
 {
  "default_value": null,
  "doc_type": "Appointment Letter Template",
  "docstatus": 0,
  "doctype": "Property Setter",
  "doctype_or_field": "DocField",
  "field_name": "closing_notes",
  "is_system_generated": 0,
  "modified": "2024-08-23 16:36:55.293668",
  "module": "Mumal HR",
  "name": "Appointment Letter Template-closing_notes-hidden",
  "property": "hidden",
  "property_type": "Check",
  "row_name": null,
  "value": "1"
 },
 {
  "default_value": null,
  "doc_type": "Appointment Letter content",
  "docstatus": 0,
  "doctype": "Property Setter",
  "doctype_or_field": "DocField",
  "field_name": "description",
  "is_system_generated": 0,
  "modified": "2024-08-23 16:36:56.022987",
  "module": "Mumal HR",
  "name": "Appointment Letter content-description-reqd",
  "property": "reqd",
  "property_type": "Check",
  "row_name": null,
  "value": "0"
 },
 {
  "default_value": null,
  "doc_type": "Appointment Letter",
  "docstatus": 0,
  "doctype": "Property Setter",
  "doctype_or_field": "DocField",
  "field_name": "introduction",
  "is_system_generated": 0,
  "modified": "2024-08-23 16:36:55.946167",
  "module": "Mumal HR",
  "name": "Appointment Letter-introduction-reqd",
  "property": "reqd",
  "property_type": "Check",
  "row_name": null,
  "value": "0"
 },
 {
  "default_value": null,
  "doc_type": "Appointment Letter",
  "docstatus": 0,
  "doctype": "Property Setter",
  "doctype_or_field": "DocField",
  "field_name": "introduction",
  "is_system_generated": 0,
  "modified": "2024-08-23 16:36:55.935325",
  "module": "Mumal HR",
  "name": "Appointment Letter-introduction-hidden",
  "property": "hidden",
  "property_type": "Check",
  "row_name": null,
  "value": "1"
 },
 {
  "default_value": null,
  "doc_type": "Appointment Letter",
  "docstatus": 0,
  "doctype": "Property Setter",
  "doctype_or_field": "DocField",
  "field_name": "closing_notes",
  "is_system_generated": 0,
  "modified": "2024-08-23 16:36:55.924126",
  "module": "Mumal HR",
  "name": "Appointment Letter-closing_notes-hidden",
  "property": "hidden",
  "property_type": "Check",
  "row_name": null,
  "value": "1"
 },
 {
  "default_value": null,
  "doc_type": "Job Applicant",
  "docstatus": 0,
  "doctype": "Property Setter",
  "doctype_or_field": "DocField",
  "field_name": "upper_range",
  "is_system_generated": 0,
  "modified": "2024-08-23 16:36:55.227770",
  "module": "Mumal HR",
  "name": "Job Applicant-upper_range-label",
  "property": "label",
  "property_type": "Data",
  "row_name": null,
  "value": "Expected Gross Salary"
 },
 {
  "default_value": null,
  "doc_type": "Job Applicant",
  "docstatus": 0,
  "doctype": "Property Setter",
  "doctype_or_field": "DocField",
  "field_name": "lower_range",
  "is_system_generated": 0,
  "modified": "2024-08-23 16:36:55.238498",
  "module": "Mumal HR",
  "name": "Job Applicant-lower_range-label",
  "property": "label",
  "property_type": "Data",
  "row_name": null,
  "value": "Present Gross Salary"
 },
 {
  "default_value": null,
  "doc_type": "Appointment Letter",
  "docstatus": 0,
  "doctype": "Property Setter",
  "doctype_or_field": "DocType",
  "field_name": null,
  "is_system_generated": 1,
  "modified": "2024-08-23 16:36:55.956437",
  "module": "Mumal HR",
  "name": "Appointment Letter-main-default_print_format",
  "property": "default_print_format",
  "property_type": "Data",
  "row_name": null,
  "value": "Appointment Letter"
 },
 {
  "default_value": null,
  "doc_type": "Training Feedback",
  "docstatus": 0,
  "doctype": "Property Setter",
  "doctype_or_field": "DocType",
  "field_name": null,
  "is_system_generated": 1,
  "modified": "2024-08-23 16:36:55.371765",
  "module": "Mumal HR",
  "name": "Training Feedback-main-default_print_format",
  "property": "default_print_format",
  "property_type": "Data",
  "row_name": null,
  "value": "Training Programme"
 },
 {
  "default_value": null,
  "doc_type": "Training Event",
  "docstatus": 0,
  "doctype": "Property Setter",
  "doctype_or_field": "DocType",
  "field_name": null,
  "is_system_generated": 1,
  "modified": "2024-08-23 16:36:56.011899",
  "module": "Mumal HR",
  "name": "Training Event-main-default_print_format",
  "property": "default_print_format",
  "property_type": "Data",
  "row_name": null,
  "value": "Training Programme"
 },
 {
  "default_value": null,
  "doc_type": "Appointment Letter",
  "docstatus": 0,
  "doctype": "Property Setter",
  "doctype_or_field": "DocField",
  "field_name": "job_applicant",
  "is_system_generated": 0,
  "modified": "2024-08-23 16:36:55.968158",
  "module": "Mumal HR",
  "name": "Appointment Letter-job_applicant-reqd",
  "property": "reqd",
  "property_type": "Check",
  "row_name": null,
  "value": "0"
 },
 {
  "default_value": null,
  "doc_type": "Training Event Employee",
  "docstatus": 0,
  "doctype": "Property Setter",
  "doctype_or_field": "DocType",
  "field_name": null,
  "is_system_generated": 0,
  "modified": "2024-08-23 16:36:55.396793",
  "module": "Mumal HR",
  "name": "Training Event Employee-main-field_order",
  "property": "field_order",
  "property_type": "Data",
  "row_name": null,
  "value": "[\"employee\", \"employee_name\", \"department\", \"column_break_3\", \"status\", \"attendance\", \"custom_attendance_date\", \"is_mandatory\"]"
 },
 {
  "default_value": null,
  "doc_type": "Training Event Employee",
  "docstatus": 0,
  "doctype": "Property Setter",
  "doctype_or_field": "DocField",
  "field_name": "is_mandatory",
  "is_system_generated": 0,
  "modified": "2024-08-23 16:36:55.383872",
  "module": "Mumal HR",
  "name": "Training Event Employee-is_mandatory-in_list_view",
  "property": "in_list_view",
  "property_type": "Check",
  "row_name": null,
  "value": "0"
 },
 {
  "default_value": null,
  "doc_type": "Appointment Letter",
  "docstatus": 0,
  "doctype": "Property Setter",
  "doctype_or_field": "DocField",
  "field_name": "job_applicant",
  "is_system_generated": 0,
  "modified": "2024-08-23 16:36:55.978831",
  "module": "Mumal HR",
  "name": "Appointment Letter-job_applicant-hidden",
  "property": "hidden",
  "property_type": "Check",
  "row_name": null,
  "value": "1"
 },
 {
  "default_value": null,
  "doc_type": "Appointment Letter",
  "docstatus": 0,
  "doctype": "Property Setter",
  "doctype_or_field": "DocField",
  "field_name": "applicant_name",
  "is_system_generated": 0,
  "modified": "2024-08-23 16:36:55.989207",
  "module": "Mumal HR",
  "name": "Appointment Letter-applicant_name-reqd",
  "property": "reqd",
  "property_type": "Check",
  "row_name": null,
  "value": "0"
 },
 {
  "default_value": null,
  "doc_type": "Appointment Letter",
  "docstatus": 0,
  "doctype": "Property Setter",
  "doctype_or_field": "DocField",
  "field_name": "applicant_name",
  "is_system_generated": 0,
  "modified": "2024-08-23 16:36:56.001109",
  "module": "Mumal HR",
  "name": "Appointment Letter-applicant_name-hidden",
  "property": "hidden",
  "property_type": "Check",
  "row_name": null,
  "value": "0"
 },
 {
  "default_value": null,
  "doc_type": "Appointment Letter",
  "docstatus": 0,
  "doctype": "Property Setter",
  "doctype_or_field": "DocType",
  "field_name": null,
  "is_system_generated": 0,
  "modified": "2024-08-23 16:36:55.912996",
  "module": "Mumal HR",
  "name": "Appointment Letter-main-field_order",
  "property": "field_order",
  "property_type": "Data",
  "row_name": null,
  "value": "[\"job_applicant\", \"applicant_name\", \"custom_employee\", \"custom_employee_name\", \"custom_designation\", \"column_break_3\", \"company\", \"appointment_date\", \"appointment_letter_template\", \"body_section\", \"introduction\", \"terms\", \"closing_notes\", \"custom_salary_breakup\", \"custom_earnings\", \"custom_column_break_sieo1\", \"custom_deduction\", \"custom_section_break_yopqv\", \"custom_benefits\", \"custom_column_break_qty4d\"]"
 },
 {
  "default_value": null,
  "doc_type": "Employee",
  "docstatus": 0,
  "doctype": "Property Setter",
  "doctype_or_field": "DocField",
  "field_name": "ctc",
  "is_system_generated": 0,
  "modified": "2024-08-23 16:36:55.777992",
  "module": "Mumal HR",
  "name": "Employee-ctc-depends_on",
  "property": "depends_on",
  "property_type": "Data",
  "row_name": null,
  "value": "eval:doc.custom_payroll_category=='Monthly'"
 },
 {
  "default_value": null,
  "doc_type": "Employee",
  "docstatus": 0,
  "doctype": "Property Setter",
  "doctype_or_field": "DocField",
  "field_name": "employee",
  "is_system_generated": 0,
  "modified": "2024-08-23 16:36:54.546946",
  "module": "Mumal HR",
  "name": "Employee-employee-reqd",
  "property": "reqd",
  "property_type": "Check",
  "row_name": null,
  "value": "1"
 },
 {
  "default_value": null,
  "doc_type": "Employee",
  "docstatus": 0,
  "doctype": "Property Setter",
  "doctype_or_field": "DocField",
  "field_name": "employee",
  "is_system_generated": 0,
  "modified": "2024-08-23 16:36:55.799378",
  "module": "Mumal HR",
  "name": "Employee-employee-unique",
  "property": "unique",
  "property_type": "Check",
  "row_name": null,
  "value": "1"
 },
 {
  "default_value": null,
  "doc_type": "Employee",
  "docstatus": 0,
  "doctype": "Property Setter",
  "doctype_or_field": "DocField",
  "field_name": "esi_number",
  "is_system_generated": 0,
  "modified": "2024-08-23 16:36:55.810566",
  "module": "Mumal HR",
  "name": "Employee-esi_number-mandatory_depends_on",
  "property": "mandatory_depends_on",
  "property_type": "Data",
  "row_name": null,
  "value": "eval:doc.custom_esi==1"
 },
 {
  "default_value": null,
  "doc_type": "Employee",
  "docstatus": 0,
  "doctype": "Property Setter",
  "doctype_or_field": "DocField",
  "field_name": "provident_fund_account",
  "is_system_generated": 0,
  "modified": "2024-08-23 16:36:55.853709",
  "module": "Mumal HR",
  "name": "Employee-provident_fund_account-mandatory_depends_on",
  "property": "mandatory_depends_on",
  "property_type": "Data",
  "row_name": null,
  "value": "eval:doc.custom_pf==1"
 },
 {
  "default_value": null,
  "doc_type": "Training Need Identification",
  "docstatus": 0,
  "doctype": "Property Setter",
  "doctype_or_field": "DocType",
  "field_name": null,
  "is_system_generated": 1,
  "modified": "2024-08-23 16:36:55.628097",
  "module": "Mumal HR",
  "name": "Training Need Identification-main-default_print_format",
  "property": "default_print_format",
  "property_type": "Data",
  "row_name": null,
  "value": "Training Need Identification"
 },
 {
  "default_value": null,
  "doc_type": "Interview",
  "docstatus": 0,
  "doctype": "Property Setter",
  "doctype_or_field": "DocType",
  "field_name": null,
  "is_system_generated": 0,
  "modified": "2024-08-23 16:36:55.689449",
  "module": "Mumal HR",
  "name": "Interview-main-field_order",
  "property": "field_order",
  "property_type": "Data",
  "row_name": null,
  "value": "[\"interview_details_section\", \"interview_round\", \"custom_round_type\", \"job_applicant\", \"custom_applicant_name\", \"job_opening\", \"designation\", \"resume_link\", \"column_break_4\", \"status\", \"scheduled_on\", \"from_time\", \"to_time\", null, \"interview_feedback_section\", \"interview_details\", \"ratings_section\", \"expected_average_rating\", \"column_break_12\", \"average_rating\", \"section_break_13\", \"interview_summary\", \"reminded\", \"amended_from\"]"
 },
 {
  "default_value": null,
  "doc_type": "Job Requisition",
  "docstatus": 0,
  "doctype": "Property Setter",
  "doctype_or_field": "DocType",
  "field_name": null,
  "is_system_generated": 0,
  "modified": "2024-08-23 16:36:55.282823",
  "module": "Mumal HR",
  "name": "Job Requisition-main-field_order",
  "property": "field_order",
  "property_type": "Data",
  "row_name": null,
  "value": "[\"naming_series\", \"designation\", \"department\", \"custom_location\", \"custom_type\", \"column_break_qkna\", \"custom_replacement_of\", \"custom_replaced_employee_name\", \"no_of_positions\", \"expected_compensation\", \"custom_requisition_by\", \"custom_transfer_record\", \"custom_promotion_record\", \"column_break_4\", \"company\", \"status\", \"custom_referenced_by\", \"custom_referring_person\", \"custom_referring_person_name\", \"section_break_7\", \"requested_by\", \"requested_by_name\", \"column_break_10\", \"requested_by_dept\", \"requested_by_designation\", \"timelines_tab\", \"posting_date\", \"completed_on\", \"column_break_15\", \"expected_by\", \"time_to_fill\", \"custom_authorities_review\", \"custom_authoroties_comments\", \"job_description_tab\", \"custom_desired_experience\", \"custom_required_skill_set\", \"description\", \"reason_for_requesting\", \"custom_recruitment_requisition_procedure\", \"custom_requisition_procedure\", \"custom_test\", \"custom_for_hr_purpose\", \"custom_receiving_date_requisition\", \"custom_when_position_can_be_filled_up\", \"custom_remarks\", \"connections_tab\"]"
 },
 {
  "default_value": null,
  "doc_type": "Interview Detail",
  "docstatus": 0,
  "doctype": "Property Setter",
  "doctype_or_field": "DocField",
  "field_name": "average_rating",
  "is_system_generated": 0,
  "modified": "2024-08-23 16:36:55.735258",
  "module": "Mumal HR",
  "name": "Interview Detail-average_rating-in_list_view",
  "property": "in_list_view",
  "property_type": "Check",
  "row_name": null,
  "value": "0"
 },
 {
  "default_value": null,
  "doc_type": "Interview",
  "docstatus": 0,
  "doctype": "Property Setter",
  "doctype_or_field": "DocField",
  "field_name": "scheduled_on",
  "is_system_generated": 0,
  "modified": "2024-08-23 16:36:55.052830",
  "module": "Mumal HR",
  "name": "Interview-scheduled_on-set_only_once",
  "property": "set_only_once",
  "property_type": "Check",
  "row_name": null,
  "value": "0"
 },
 {
  "default_value": null,
  "doc_type": "Exit Interview",
  "docstatus": 0,
  "doctype": "Property Setter",
  "doctype_or_field": "DocField",
  "field_name": "ref_doctype",
  "is_system_generated": 0,
  "modified": "2024-08-23 16:36:55.041717",
  "module": "Mumal HR",
  "name": "Exit Interview-ref_doctype-read_only",
  "property": "read_only",
  "property_type": "Check",
  "row_name": null,
  "value": "1"
 },
 {
  "default_value": null,
  "doc_type": "Exit Interview",
  "docstatus": 0,
  "doctype": "Property Setter",
  "doctype_or_field": "DocType",
  "field_name": null,
  "is_system_generated": 1,
  "modified": "2024-08-23 16:36:54.986075",
  "module": "Mumal HR",
  "name": "Exit Interview-main-default_print_format",
  "property": "default_print_format",
  "property_type": "Data",
  "row_name": null,
  "value": "Exit Interview"
 },
 {
  "default_value": null,
  "doc_type": "Exit Questionnaire",
  "docstatus": 0,
  "doctype": "Property Setter",
  "doctype_or_field": "DocField",
  "field_name": "q1_a",
  "is_system_generated": 0,
  "modified": "2024-08-23 16:36:54.926846",
  "module": "Mumal HR",
  "name": "Exit Questionnaire-q1_a-label",
  "property": "label",
  "property_type": "Data",
  "row_name": null,
  "value": "<h4>a. Were all your expectations fulfilled?</h4>"
 },
 {
  "default_value": null,
  "doc_type": "Job Offer",
  "docstatus": 0,
  "doctype": "Property Setter",
  "doctype_or_field": "DocField",
  "field_name": "offer_terms",
  "is_system_generated": 0,
  "modified": "2024-08-23 16:36:54.857749",
  "module": "Mumal HR",
  "name": "Job Offer-offer_terms-hidden",
  "property": "hidden",
  "property_type": "Check",
  "row_name": null,
  "value": "0"
 },
 {
  "default_value": null,
  "doc_type": "Job Offer",
  "docstatus": 0,
  "doctype": "Property Setter",
  "doctype_or_field": "DocField",
  "field_name": "section_break_4",
  "is_system_generated": 0,
  "modified": "2024-08-23 16:36:54.873851",
  "module": "Mumal HR",
  "name": "Job Offer-section_break_4-hidden",
  "property": "hidden",
  "property_type": "Check",
  "row_name": null,
  "value": "0"
 },
 {
  "default_value": null,
  "doc_type": "Job Offer",
  "docstatus": 0,
  "doctype": "Property Setter",
  "doctype_or_field": "DocField",
  "field_name": "custom_joining_date",
  "is_system_generated": 0,
  "modified": "2024-08-23 16:36:54.887916",
  "module": "Mumal HR",
  "name": "Job Offer-custom_joining_date-reqd",
  "property": "reqd",
  "property_type": "Check",
  "row_name": null,
  "value": "0"
 },
 {
  "default_value": null,
  "doc_type": "Job Offer",
  "docstatus": 0,
  "doctype": "Property Setter",
  "doctype_or_field": "DocField",
  "field_name": "printing_details",
  "is_system_generated": 0,
  "modified": "2024-08-23 16:36:54.901171",
  "module": "Mumal HR",
  "name": "Job Offer-printing_details-hidden",
  "property": "hidden",
  "property_type": "Check",
  "row_name": null,
  "value": "0"
 },
 {
  "default_value": null,
  "doc_type": "Job Offer",
  "docstatus": 0,
  "doctype": "Property Setter",
  "doctype_or_field": "DocField",
  "field_name": "custom_gross_salary",
  "is_system_generated": 0,
  "modified": "2024-08-23 16:36:54.913182",
  "module": "Mumal HR",
  "name": "Job Offer-custom_gross_salary-reqd",
  "property": "reqd",
  "property_type": "Check",
  "row_name": null,
  "value": "0"
 },
 {
  "default_value": null,
  "doc_type": "Appointment Letter",
  "docstatus": 0,
  "doctype": "Property Setter",
  "doctype_or_field": "DocField",
  "field_name": "appointment_letter_template",
  "is_system_generated": 0,
  "modified": "2024-08-23 16:36:54.818788",
  "module": "Mumal HR",
  "name": "Appointment Letter-appointment_letter_template-reqd",
  "property": "reqd",
  "property_type": "Check",
  "row_name": null,
  "value": "1"
 },
 {
  "default_value": null,
  "doc_type": "Appointment Letter",
  "docstatus": 0,
  "doctype": "Property Setter",
  "doctype_or_field": "DocField",
  "field_name": "appointment_letter_template",
  "is_system_generated": 0,
  "modified": "2024-08-23 16:36:54.831801",
  "module": "Mumal HR",
  "name": "Appointment Letter-appointment_letter_template-hidden",
  "property": "hidden",
  "property_type": "Check",
  "row_name": null,
  "value": "0"
 },
 {
  "default_value": null,
  "doc_type": "Appointment Letter",
  "docstatus": 0,
  "doctype": "Property Setter",
  "doctype_or_field": "DocField",
  "field_name": "body_section",
  "is_system_generated": 0,
  "modified": "2024-08-23 16:36:54.844816",
  "module": "Mumal HR",
  "name": "Appointment Letter-body_section-hidden",
  "property": "hidden",
  "property_type": "Check",
  "row_name": null,
  "value": "0"
 },
 {
  "default_value": null,
  "doc_type": "Exit Questionnaire",
  "docstatus": 0,
  "doctype": "Property Setter",
  "doctype_or_field": "DocType",
  "field_name": null,
  "is_system_generated": 0,
  "modified": "2024-08-23 16:36:54.789972",
  "module": "Mumal HR",
  "name": "Exit Questionnaire-main-field_order",
  "property": "field_order",
  "property_type": "Data",
  "row_name": null,
  "value": "[\"employee\", \"employee_name\", \"column_break_aelnf\", \"department\", \"designation\", \"section_break_14ksp\", \"q1\", \"section_break_ltta8\", \"q1_c1\", \"q1_c2\", \"q1_c3\", \"q1_c4\", \"q1_c9\", \"column_break_v7ybe\", \"q1_c6\", \"q1_c7\", \"q1_c8\", \"q1_c5\", \"section_break_oumds\", \"q1_a\", \"section_break_qqzqq\", \"q1_a_c1\", \"column_break_eezkz\", \"q1_a_c2\", \"column_break_dhxn6\", \"q1_a_c3\", \"section_break_lcykz\", \"q2\", \"section_break_1sod5\", \"q2_o1\", \"q2_o2\", \"q2_o3\", \"q2_o4\", \"q2_o5\", \"q2_o6\", \"column_break_i8phl\", \"q2_1_c1\", \"q2_1_c2\", \"q2_1_c3\", \"q2_1_c4\", \"q2_1_c5\", \"q2_1_c6\", \"column_break_lhgi2\", \"q2_2_c1\", \"q2_2_c2\", \"q2_2_c3\", \"q2_2_c4\", \"q2_2_c5\", \"q2_2_c6\", \"column_break_kr8qs\", \"q2_3_c1\", \"q2_3_c2\", \"q2_3_c3\", \"q2_3_c4\", \"q2_3_c5\", \"q2_3_c6\", \"column_break_z1dan\", \"q2_4_c1\", \"q2_4_c2\", \"q2_4_c3\", \"q2_4_c4\", \"q2_4_c5\", \"q2_4_c6\", \"column_break_qa6go\", \"q2_5_c1\", \"q2_5_c2\", \"q2_5_c3\", \"q2_5_c4\", \"q2_5_c5\", \"q2_5_c6\", \"section_break_twfur\", \"q3\", \"section_break_0rlfu\", \"q3_1\", \"q3_1_c1\", \"q3_1_c2\", \"q3_1_c3\", \"column_break_vbjnd\", \"q3_2\", \"q3_2_c1\", \"q3_2_c2\", \"q3_2_c3\", \"q3_2_c4\", \"q3_2_c5\", \"q3_2_c6\", \"q3_2_c7\", \"column_break_82ajf\", \"q3_3\", \"q3_3_c1\", \"q3_3_c2\", \"q3_3_c3\", \"q3_3_c4\", \"q3_3_c5\", \"q3_3_c6\", \"section_break_sr94k\", \"q4\", \"section_break_a9fd9\", \"q4_c1\", \"q4_c2\", \"q4_c5\", \"column_break_1bzfu\", \"q4_c3\", \"q4_c4\", \"section_break_ehf4m\", \"q5\", \"section_break_rbci9\", \"q5_c1\", \"q5_c3\", \"column_break_7hl4w\", \"q5_c2\", \"section_break_k1hjj\", \"q6\", \"q6_c1\", \"section_break_nxoqf\", \"q7\", \"section_break_moxlm\", \"q7_c1\", \"column_break_wciyr\", \"q7_c2\", \"section_break_0qpup\", \"q8\", \"section_break_6qles\", \"q8_o1\", \"q8_o2\", \"q8_o3\", \"column_break_v9hux\", \"q8_o4\", \"q8_o5\", \"q8_o6\", \"section_break_gpcej\", \"q8_s1\", \"q8_s2\", \"q8_s3\", \"column_break_lpojh\", \"q8_s4\", \"q8_s5\", \"section_break_ogw3e\", \"q9\", \"section_break_3xogg\", \"q9_s1\", \"column_break_evmzc\", \"q9_s2\", \"amended_from\", \"section_break_hpvye\", \"q10\", \"q10_s1\", \"section_break_lkxo6\", \"q11\", \"q11_s1\"]"
 },
 {
  "default_value": null,
  "doc_type": "Full and Final Statement",
  "docstatus": 0,
  "doctype": "Property Setter",
  "doctype_or_field": "DocType",
  "field_name": null,
  "is_system_generated": 1,
  "modified": "2024-08-29 16:17:16.047191",
  "module": "Mumal HR",
  "name": "Full and Final Statement-main-default_print_format",
  "property": "default_print_format",
  "property_type": "Data",
  "row_name": null,
  "value": "Full & Final Settelment Statement"
 },
 {
  "default_value": null,
  "doc_type": "Full and Final Statement",
  "docstatus": 0,
  "doctype": "Property Setter",
  "doctype_or_field": "DocType",
  "field_name": null,
  "is_system_generated": 0,
  "modified": "2024-09-30 12:24:38.445615",
  "module": "Mumal HR",
  "name": "Full and Final Statement-main-field_order",
  "property": "field_order",
  "property_type": "Data",
  "row_name": null,
  "value": "[\"employee\", \"employee_name\", \"transaction_date\", \"column_break_12\", \"company\", \"status\", \"amended_from\", \"employee_details_section\", \"date_of_joining\", \"relieving_date\", \"custom_notice_days\", \"custom_last_present_day\", \"column_break_4\", \"custom_total_service_period\", \"designation\", \"department\", null, \"section_break_8\", \"payables\", \"section_break_10\", \"receivables\", \"totals_section\", \"total_payable_amount\", \"custom_net_payable_amount\", \"column_break_21\", \"total_receivable_amount\", \"section_break_15\", \"assets_allocated\", \"custom_asset_allocation\"]"
 },
 {
  "default_value": null,
  "doc_type": "Salary Structure Assignment",
  "docstatus": 0,
  "doctype": "Property Setter",
  "doctype_or_field": "DocField",
  "field_name": "base",
  "is_system_generated": 0,
  "modified": "2024-09-30 12:24:38.363929",
  "module": "Mumal HR",
  "name": "Salary Structure Assignment-base-fetch_from",
  "property": "fetch_from",
  "property_type": "Small Text",
  "row_name": null,
  "value": "employee.custom_gross_salary_per_month"
 },
 {
  "default_value": null,
  "doc_type": "Employee Appraisal",
  "docstatus": 0,
  "doctype": "Property Setter",
  "doctype_or_field": "DocType",
  "field_name": null,
  "is_system_generated": 1,
  "modified": "2024-09-30 08:21:15.287077",
  "module": "Mumal HR",
  "name": "Employee Appraisal-main-default_print_format",
  "property": "default_print_format",
  "property_type": "Data",
  "row_name": null,
  "value": "Performance Appraisal"
 },
 {
  "default_value": null,
  "doc_type": "Self Review Form",
  "docstatus": 0,
  "doctype": "Property Setter",
  "doctype_or_field": "DocType",
  "field_name": null,
  "is_system_generated": 1,
  "modified": "2024-09-30 08:21:15.166617",
  "module": "Mumal HR",
  "name": "Self Review Form-main-default_print_format",
  "property": "default_print_format",
  "property_type": "Data",
  "row_name": null,
  "value": "Self Review Form"
 },
 {
  "default_value": null,
  "doc_type": "Employee Checkin",
  "docstatus": 0,
  "doctype": "Property Setter",
  "doctype_or_field": "DocType",
  "field_name": null,
  "is_system_generated": 0,
  "modified": "2024-09-30 08:20:06.875771",
  "module": "Mumal HR",
  "name": "Employee Checkin-main-field_order",
  "property": "field_order",
  "property_type": "Data",
  "row_name": null,
  "value": "[\"employee\", \"employee_name\", \"log_type\", \"shift\", \"column_break_4\", \"time\", \"custom_date\", \"device_id\", \"skip_auto_attendance\", \"attendance\", \"shift_start\", \"shift_end\", \"shift_actual_start\", \"shift_actual_end\"]"
 },
 {
  "default_value": null,
  "doc_type": "Attendance",
  "docstatus": 0,
  "doctype": "Property Setter",
  "doctype_or_field": "DocType",
  "field_name": null,
  "is_system_generated": 0,
  "modified": "2024-09-30 08:20:06.921513",
  "module": "Mumal HR",
  "name": "Attendance-main-field_order",
  "property": "field_order",
  "property_type": "Data",
  "row_name": null,
  "value": "[\"attendance_details\", \"naming_series\", \"employee\", \"employee_name\", \"working_hours\", \"custom_work_hours\", \"custom_overtime\", \"status\", \"leave_type\", \"leave_application\", \"column_break0\", \"attendance_date\", \"company\", \"department\", \"attendance_request\", \"details_section\", \"shift\", \"in_time\", \"out_time\", \"column_break_18\", \"late_entry\", \"early_exit\", \"custom_employee_checkin\", \"custom_employee_checkout\", \"custom_remarks\", \"amended_from\"]"
 },
 {
  "default_value": null,
  "doc_type": "Attendance",
  "docstatus": 0,
  "doctype": "Property Setter",
  "doctype_or_field": "DocField",
  "field_name": "working_hours",
  "is_system_generated": 0,
  "modified": "2024-09-30 08:20:06.961513",
  "module": "Mumal HR",
  "name": "Attendance-working_hours-hidden",
  "property": "hidden",
  "property_type": "Check",
  "row_name": null,
  "value": "1"
 },
 {
  "default_value": null,
  "doc_type": "Shift Type",
  "docstatus": 0,
  "doctype": "Property Setter",
  "doctype_or_field": "DocType",
  "field_name": null,
  "is_system_generated": 0,
  "modified": "2024-09-30 08:20:06.979030",
  "module": "Mumal HR",
  "name": "Shift Type-main-field_order",
  "property": "field_order",
  "property_type": "Data",
  "row_name": null,
  "value": "[\"start_time\", \"end_time\", null, \"column_break_3\", \"holiday_list\", \"custom_type\", \"enable_auto_attendance\", \"auto_attendance_settings_section\", \"determine_check_in_and_check_out\", \"working_hours_calculation_based_on\", \"begin_check_in_before_shift_start_time\", \"allow_check_out_after_shift_end_time\", \"mark_auto_attendance_on_holidays\", \"column_break_10\", \"working_hours_threshold_for_half_day\", \"working_hours_threshold_for_absent\", \"process_attendance_after\", \"last_sync_of_checkin\", \"grace_period_settings_auto_attendance_section\", \"enable_entry_grace_period\", \"late_entry_grace_period\", \"column_break_18\", \"enable_exit_grace_period\", \"early_exit_grace_period\"]"
 },
 {
  "default_value": null,
  "doc_type": "Salary Component",
  "docstatus": 0,
  "doctype": "Property Setter",
  "doctype_or_field": "DocType",
  "field_name": null,
  "is_system_generated": 0,
  "modified": "2024-09-30 08:20:07.003766",
  "module": "Mumal HR",
  "name": "Salary Component-main-field_order",
  "property": "field_order",
  "property_type": "Data",
  "row_name": null,
  "value": "[\"overview_tab\", \"salary_component\", \"salary_component_abbr\", \"type\", \"description\", \"custom_earning_type\", \"custom_bonus_percentage\", \"custom_bonus_calculation_criteria\", \"component_type\", \"column_break_4\", \"depends_on_payment_days\", \"is_tax_applicable\", \"deduct_full_tax_on_selected_payroll_date\", \"variable_based_on_taxable_salary\", \"is_income_tax_component\", \"exempted_from_income_tax\", \"round_to_the_nearest_integer\", \"statistical_component\", \"do_not_include_in_total\", \"remove_if_zero_valued\", \"disabled\", \"section_break_5\", \"accounts\", \"configure_component_tab\", \"condition_and_formula\", \"condition\", \"amount\", \"amount_based_on_formula\", \"formula\", \"column_break_28\", \"help\", \"flexible_benefits_tab\", \"is_flexible_benefit\", \"max_benefit_amount\", \"column_break_9\", \"pay_against_benefit_claim\", \"only_tax_impact\", \"create_separate_payment_entry_against_benefit_claim\"]"
 },
 {
  "default_value": null,
  "doc_type": "Leave Allocation",
  "docstatus": 0,
  "doctype": "Property Setter",
  "doctype_or_field": "DocType",
  "field_name": null,
  "is_system_generated": 0,
  "modified": "2024-09-30 08:20:07.035763",
  "module": "Mumal HR",
  "name": "Leave Allocation-main-field_order",
  "property": "field_order",
  "property_type": "Data",
  "row_name": null,
  "value": "[\"naming_series\", \"employee\", \"employee_name\", \"department\", \"company\", \"column_break1\", \"leave_type\", \"from_date\", \"to_date\", \"section_break_6\", \"new_leaves_allocated\", \"carry_forward\", \"unused_leaves\", \"total_leaves_allocated\", \"total_leaves_encashed\", \"column_break_10\", \"compensatory_request\", \"leave_period\", \"leave_policy\", \"leave_policy_assignment\", null, \"carry_forwarded_leaves_count\", \"expired\", \"amended_from\", \"notes\", \"description\"]"
 },
 {
  "default_value": null,
  "doc_type": "Salary Slip",
  "docstatus": 0,
  "doctype": "Property Setter",
  "doctype_or_field": "DocType",
  "field_name": null,
  "is_system_generated": 1,
  "modified": "2024-09-30 08:20:06.740648",
  "module": "Mumal HR",
  "name": "Salary Slip-main-default_print_format",
  "property": "default_print_format",
  "property_type": "Data",
  "row_name": null,
  "value": "Salary Slip"
 },
 {
  "default_value": null,
  "doc_type": "Leave Type",
  "docstatus": 0,
  "doctype": "Property Setter",
  "doctype_or_field": "DocType",
  "field_name": null,
  "is_system_generated": 0,
  "modified": "2024-09-30 08:20:06.638084",
  "module": "Mumal HR",
  "name": "Leave Type-main-field_order",
  "property": "field_order",
  "property_type": "Data",
  "row_name": null,
  "value": "[\"leave_type_name\", null, \"max_leaves_allowed\", \"applicable_after\", \"max_continuous_days_allowed\", \"custom_1_leave_per_days\", \"column_break_3\", \"is_carry_forward\", \"is_lwp\", \"is_ppl\", \"fraction_of_daily_salary_per_leave\", \"is_optional_leave\", \"allow_negative\", \"allow_over_allocation\", \"include_holiday\", \"is_compensatory\", \"carry_forward_section\", \"maximum_carry_forwarded_leaves\", \"expire_carry_forwarded_leaves_after_days\", \"encashment\", \"allow_encashment\", \"encashment_threshold_days\", \"column_break_17\", \"earning_component\", \"earned_leave\", \"is_earned_leave\", \"earned_leave_frequency\", \"column_break_22\", \"allocate_on_day\", \"rounding\"]"
 },
 {
  "default_value": null,
  "doc_type": "Salary Slip",
  "docstatus": 0,
  "doctype": "Property Setter",
  "doctype_or_field": "DocType",
  "field_name": null,
  "is_system_generated": 0,
  "modified": "2024-09-30 08:20:06.484962",
  "module": "Mumal HR",
  "name": "Salary Slip-main-field_order",
  "property": "field_order",
  "property_type": "Data",
  "row_name": null,
  "value": "[\"employee_and_payroll_tab\", \"section_break_6\", \"employee\", \"employee_name\", \"department\", \"designation\", \"branch\", \"column_break_obdl\", \"posting_date\", \"letter_head\", \"column_break_18\", \"status\", \"company\", \"currency\", \"exchange_rate\", \"section_break_gsts\", \"payroll_frequency\", \"start_date\", \"end_date\", \"column_break_ptcc\", \"salary_structure\", \"payroll_entry\", \"mode_of_payment\", \"column_break_wyhp\", \"salary_slip_based_on_timesheet\", \"section_break_gerh\", \"deduct_tax_for_unclaimed_employee_benefits\", \"deduct_tax_for_unsubmitted_tax_exemption_proof\", \"payment_days_tab\", \"total_working_days\", \"custom_general_holidays\", \"custom_week_off\", \"unmarked_days\", \"column_break_geio\", \"leave_without_pay\", \"absent_days\", \"payment_days\", \"help_section\", \"payment_days_calculation_help\", \"earnings_and_deductions_tab\", \"timesheets_section\", \"timesheets\", \"column_break_ghjr\", \"total_working_hours\", \"hour_rate\", \"base_hour_rate\", \"earning_deduction\", \"earnings\", \"column_break_k1jz\", \"deductions\", \"totals\", \"gross_pay\", \"base_gross_pay\", \"gross_year_to_date\", \"base_gross_year_to_date\", \"column_break_25\", \"total_deduction\", \"base_total_deduction\", \"loan_repayment\", \"loans\", \"section_break_43\", \"total_principal_amount\", \"total_interest_amount\", \"column_break_45\", \"total_loan_repayment\", \"net_pay_info\", \"net_pay\", \"base_net_pay\", \"rounded_total\", \"base_rounded_total\", \"column_break_dqnd\", \"year_to_date\", \"base_year_to_date\", \"month_to_date\", \"base_month_to_date\", \"section_break_55\", \"total_in_words\", \"column_break_69\", \"base_total_in_words\", \"income_tax_calculation_breakup_section\", \"ctc\", \"income_from_other_sources\", \"total_earnings\", \"column_break_0rsw\", \"non_taxable_earnings\", \"standard_tax_exemption_amount\", \"tax_exemption_declaration\", \"deductions_before_tax_calculation\", \"annual_taxable_amount\", \"column_break_35wb\", \"income_tax_deducted_till_date\", \"current_month_income_tax\", \"future_income_tax_deductions\", \"total_income_tax\", \"section_break_75\", \"journal_entry\", \"amended_from\", \"column_break_ieob\", \"bank_name\", \"bank_account_no\", \"leave_details_section\", \"leave_details\"]"
 },
 {
  "default_value": null,
  "doc_type": "Shift Type",
  "docstatus": 0,
  "doctype": "Property Setter",
  "doctype_or_field": "DocField",
  "field_name": "last_sync_of_checkin",
  "is_system_generated": 0,
  "modified": "2024-09-30 13:21:16.204525",
  "module": "Mumal HR",
  "name": "Shift Type-last_sync_of_checkin-read_only",
  "property": "read_only",
  "property_type": "Check",
  "row_name": null,
  "value": "1"
 }
]