{
 "_liked_by": "[\"Administrator\"]",
 "actions": [],
 "allow_rename": 1,
 "creation": "2024-07-09 12:15:27.550388",
 "doctype": "DocType",
 "editable_grid": 1,
 "engine": "InnoDB",
 "field_order": [
  "name_of_bodiesinstitutes",
  "from_date",
  "column_break_46fmf",
  "to_date",
  "membership_no_if_any"
 ],
 "fields": [
  {
   "fieldname": "name_of_bodiesinstitutes",
   "fieldtype": "Data",
   "in_list_view": 1,
   "label": "Name of Bodies/Institutes"
  },
  {
   "fieldname": "from_date",
   "fieldtype": "Date",
   "in_list_view": 1,
   "label": "From Date"
  },
  {
   "fieldname": "to_date",
   "fieldtype": "Date",
   "in_list_view": 1,
   "label": "To Date"
  },
  {
   "fieldname": "membership_no_if_any",
   "fieldtype": "Data",
   "in_list_view": 1,
   "label": "Membership No if Any"
  },
  {
   "fieldname": "column_break_46fmf",
   "fieldtype": "Column Break"
  }
 ],
 "index_web_pages_for_search": 1,
 "istable": 1,
 "links": [],
 "modified": "2024-07-09 12:26:57.622464",
 "modified_by": "Administrator",
 "module": "Mumal HR",
 "name": "Membership",
 "owner": "Administrator",
 "permissions": [],
 "sort_field": "modified",
 "sort_order": "DESC",
 "states": []
}