{
 "_liked_by": "[\"Administrator\"]",
 "absolute_value": 0,
 "align_labels_right": 0,
 "creation": "2024-08-10 15:49:28.269885",
 "css": ".font{\n    font-size: 17px;\n}\n\nh2,h4{\n    text-align: center;\n}\n.print-format{\n    padding: 30px;\n}\n.row {\n    display: flex;\n    justify-content: space-between; \n}\n.form-row {\n    display: flex;\n    justify-content: space-between;\n}\n\n.form-column {\n    flex: 1; \n}\n\n.form-column p {\n    margin: 10px 0; \n}\n\n.sectionmarginfirst{\n    margin-top: 5px;\n    line-height: 1; \n}\n\n.sectionmargin{\n    margin-top: 15px;\n}\n\n.print-format td, .print-format th {\n    padding: 5px !important;\n    color: black !important;\n}\n\n.print-format th {\n    font-weight: bold;\n}\n\n.table-cell-label {\n    width: 40%;\n}\n.table-cell-value {\n    width: 60%;\n}\n\n.title{\n    font-weight: bold;\n}\n\n.linespace {\n    line-height: 1.2;\n    margin-bottom: 8px;\n}\n\n\nth:first-child, th:nth-child(3) {\n    width: 40%;\n    text-align: left;\n}\nth:nth-child(2), th:nth-child(4) {\n    width: 10%;\n    text-align: left;\n}\n.left-align {\n    text-align: left !important;\n}\n.right-align {\n    text-align: right;\n}\n\n.sectioncomment, .sectionsalary, .sectionsignature{\n    margin-top: 25px;\n}\n\n.sectionsalary th{\n    width: 20%;\n}\n\n.sectionsignature td {\n    width: 50%;\n}\n\n.sectionsignature span{\n    line-height: 1.5; \n}\n\n.page-footer {\n    display: flex;\n    justify-content: space-between;\n    align-items: center;\n}\n\n.footer-left {\n    text-align: left;\n}\n\n.footer-right {\n    text-align: right;\n}\n\n\n.sectionmargin {\n    margin: 20px;\n}\n.linespace {\n    margin-bottom: 20px;\n}\n\n.rating-scale {\n    display: flex;\n    flex-wrap: wrap;\n    justify-content: space-between;\n}\n.rating-scale p {\n    flex: 0 0 48%;\n    margin: 0;\n}",
 "custom_format": 1,
 "default_print_language": "en",
 "disabled": 0,
 "doc_type": "Interview Feedback",
 "docstatus": 0,
 "doctype": "Print Format",
 "font_size": 14,
 "html": "{% set job_applicant = frappe.get_doc('Job Applicant', doc.job_applicant) %}\n\n<h2><u><b>INTERVIEW ASSESMENT FORM</b></u></h2>\n\n\n<!--Applicant Details-->\n<br>\n<section class=\"font\">\n    <div class=\"form-row\">\n        <div class=\"form-column\">\n            {% if doc.custom_applicant_name %}\n                <p><b>Name of Candidate:</b> {{doc.custom_applicant_name or ''}}</p>\n            {% endif %}\n            \n            {% if doc.job_applicant %}\n            \n                {% if job_applicant.custom_age %}\n                    <p><b>Date of Birth/Age:</b> {{job_applicant.custom_age or ''}}</p>\n                {% endif %}\n                \n                {% if job_applicant.phone_number %}\n                    <p><b>Contact:</b> {{job_applicant.phone_number or ''}}</p>\n                {% endif %}\n                \n                {% if job_applicant.custom_qualifications %}\n                    <p><b>Qualification</b> {{job_applicant.custom_qualifications or ''}}</p>\n                {% endif %}\n                \n            {% endif %}\n            \n\n        </div>\n        <div class=\"form-column\">\n            \n            {% if doc.custom_date_of_interview %}\n                <p><b>Date of Interview:</b> {{frappe.utils.get_datetime(doc.custom_date_of_interview ).strftime('%d-%m-%Y') or ''}}</p>\n            {% endif %}\n            \n            {% if doc.custom_designation %}\n                <p><b>Post applied for:</b> {{doc.custom_designation or ''}}</p>\n            {% endif %}\n            \n            {% if doc.job_applicant %}\n            \n                {% if job_applicant.custom_experience %}\n                   <p><b>Total Experience:</b> {{job_applicant.custom_experience or ''}}</p>\n                {% endif %} \n                \n                {% if job_applicant.custom_key_skills %}\n                   <p><b>Key Skills:</b> {{job_applicant.custom_key_skills or ''}}</p>\n                {% endif %} \n                \n            {% endif %}\n            \n        </div>\n    </div>\n    \n</section>\n\n\n\n<!--Applicant Company Details-->\n<section class=\"font\">\n    <table border=\"1\" width=\"100%\">\n        <tr>\n            {% if doc.job_applicant %}\n               \n                {% if job_applicant.custom_name_of_present_organization %}\n                    <td class=\"table-cell-label\"><b>Name of Present Organization:</b></td>\n                    <td class=\"table-cell-value\">\n                        {{ job_applicant.custom_name_of_present_organization or '' }}\n                    </td>\n                {% endif %}\n            {% endif %}\n        </tr>\n        <tr>\n            {% if doc.job_applicant %}\n                \n                {% if job_applicant.custom_working_since %}\n                    <td class=\"table-cell-label\"><b>Working since:</b></td>\n                    <td class=\"table-cell-value\">\n                        {{ job_applicant.custom_working_since or ''}}\n                    </td>\n                {% endif %}\n            {% endif %}\n        </tr>\n        <tr>\n            {% if doc.job_applicant %}\n                \n                {% if job_applicant.custom_designation %}\n                    <td class=\"table-cell-label\"><b>Post Holding:</b></td>\n                    <td class=\"table-cell-value\">\n                        {{ job_applicant.custom_designation or ''}}                    \n                    </td>\n                {% endif %}\n            {% endif %}\n        </tr>\n        <tr>\n            {% if doc.job_applicant %}\n                \n                {% if job_applicant.custom_reason_of_leaving %}\n                    <td class=\"table-cell-label\"><b>Reason for leaving:</b></td>\n                    <td class=\"table-cell-value\">\n                        {{ job_applicant.custom_reason_of_leaving or ''}}\n                    </td>\n                {% endif %}\n            {% endif %}\n        </tr>\n    </table>\n</section>\n\n\n<!--Skill Assesment-->\n<br>\n<section class=\"font\">\n    <h4><b>INTERVIEW ASSESSMENT</b></h4>\n    <table border=\"1\" style=\"width: 100%; border-collapse: collapse;\">\n        <tr>\n            <td colspan=\"2\">\n                <div>\n                    <p class=\"title\">Assessment of Functional, Behavioral Competency and Personal Characteristics</p>\n                    <p>(Please rate the candidate on 5-6 competencies critical for the position and on all Personal Characteristics)</p>\n                </div>\n            </td>\n        </tr>\n        <tr>\n            <td colspan=\"2\">\n                <div class=\"fontsize\">\n                    {% if doc.custom_rating_scale %}\n                        <p><u><b>Rating Scale:</b></u></p>\n                        <div class=\"rating-scale\">\n                            {% for line in doc.custom_rating_scale.split('\\n') %}\n                                <p>{{ line }}</p>\n                            {% endfor %}\n                        </div>\n                    {% endif %}\n                </div>\n            </td>\n        </tr>\n    </table>\n</section>\n\n\n\n\n\n\n<!--Ratings-->\n{% if doc.custom_ratings %}\n    <section class=\"font\">\n        <table border=\"1\" width=\"100%\">\n            <tr>\n                <th>\n                    Competency\n                </th>\n                <th>\n                    Rating\n                </th>\n                <th>\n                    Personal Characteristics\n                </th>\n                <th>\n                    Rating\n                </th>\n            </tr>\n            {% for item in doc.custom_ratings %}\n                <tr>\n                    <td class=\"left-align\">{{ item.competency or \"\"}}</td>\n                    <td class=\"right-align\">{{ item.rating or 0}}</td>\n                    <td class=\"left-align\">{{ item.personal_characteristics or \"\"}}</td>\n                    <td class=\"right-align\">{{ item.rating1 or 0}}</td>\n                </tr>\n            {% endfor %}\n        </table>\n    </section>\n{% endif %}\n\n\n\n<!--Comments - Feedback-->\n{% if doc.feedback %}\n<section class=\"sectioncomment font\">\n    <table border=\"1\" width=\"100%\">\n        <tr>\n            <th class=\"left-align\">Comments :</th>\n        </tr>\n        <tr style=\"height:100px;\"> <!-- Fixed height of 200 pixels -->\n            <td>\n                {{ doc.feedback or '' }}\n            </td>\n        </tr>\n    </table>\n</section>\n{% endif %}\n\n\n\n\n\n<!--Result-->\n{% if doc.result %}\n<section class=\"sectioncomment font\" >\n    <table border=\"1\" width=\"100%\">\n        <tr>\n            <td class=\"table-cell-label\"><b>Hiring Decision:</b></td>\n            <td class=\"table-cell-value\">\n                {{ doc.result or '' }}\n            </td>\n        </tr>\n        <tr>\n            <td class=\"table-cell-label\"><b>Recommended For Employment:</b></td>\n            <td class=\"table-cell-value\">\n                {{ doc.custom_recommend_for_employment or '' }}\n            </td>\n        </tr>\n    </table>\n</section>\n{% endif %}\n\n\n\n<!--Salary-->\n<section class=\"sectionsalary font\">\n    <table border=\"1\" width=\"100%\">\n        <tr>\n            <th class=\"left-align\">Present Gross Salary</th>\n            <th class=\"left-align\">Expected Gross Salary</th>\n            <th class=\"left-align\">Offered Gross Salary</th>\n            <th class=\"left-align\">Offered Position</th>\n            <th class=\"left-align\">Training / Probation</th>\n        </tr>\n        <tr>\n            <td>{{ frappe.utils.fmt_money(job_applicant.custom_current_salary, currency=\"\u20b9\") }}</td>\n            <td>{{ frappe.utils.fmt_money(job_applicant.lower_range, currency=\"\u20b9\") }} -<br>{{ frappe.utils.fmt_money(job_applicant.upper_range, currency=\"\u20b9\") }}</td>\n            <td> </td>\n            <td>{{ doc.custom_designation or \"\"}}</td>\n            <td> </td>\n        </tr>\n    </table>                \n</section>\n\n\n<!--Remarks-->\n<section class=\"sectionsignature font\">\n    <table border=\"1\" width=\"100%\">\n        <tr>\n            <td>\n                <p><b>Remarks:</b></p>\n                <span>{{ doc.custom_remarks or '' }}</span>\n            </td>\n            <td>\n                <p><b>Name & Signature of Interviewers:</b></p>\n                <span>{{ doc.custom_interviewer_name or \"\" }}</span>\n            </td>\n        </tr>\n    </table>                \n</section>\n\n<!--HR Use-->\n<section class=\"sectionsignature page-footer font\">\n    <div class=\"footer-left\">\n        <p><b>RECOMMENDED / NOT RECOMMENDED</b></p><br><br><br><br>\n        <p><b>HR Head</b></p>\n    </div>\n    <div class=\"footer-right\">\n        <p><b>APPROVED / NOT APPROVED</b></p><br><br><br><br><br>\n        <p></p>\n    </div>\n    \n</section>\n\n\n\n\n\n\n\n\n\n\n\n",
 "idx": 0,
 "line_breaks": 0,
 "margin_bottom": 15.0,
 "margin_left": 15.0,
 "margin_right": 15.0,
 "margin_top": 15.0,
 "modified": "2024-08-14 11:13:51.352917",
 "modified_by": "Administrator",
 "module": "Mumal HR",
 "name": "Interview Assesment Form",
 "owner": "Administrator",
 "page_number": "Hide",
 "print_format_builder": 0,
 "print_format_builder_beta": 0,
 "print_format_type": "Jinja",
 "raw_printing": 0,
 "show_section_headings": 0,
 "standard": "Yes"
}