{
 "_liked_by": "[\"Administrator\"]",
 "absolute_value": 0,
 "align_labels_right": 0,
 "creation": "2024-08-10 15:49:28.237087",
 "css": "\n.sectionmarginfirst{\n\n    font-size: 13px !important;\n    line-height: 1.5; \n}\n.right-text{\n    text-align: right;\n}\n.address{\n    margin: 20px 0px !important;\n}\n.lineheight{\n    line-height: 1.8;\n}\n.content{\n    margin-top: 5px !important;\n    line-height: 1.8;\n}\n\n.content ol {\n    margin: 0;\n    padding-left: 20px;\n}\n.content li {\n    margin-bottom: 10px;\n}\n\n.sectiontable {\n        min-height: 100%;\n        display: flex;\n        flex-direction: column;\n        \n    }\n    .tablemargin{\n        width: 30rem !important;\n        \n    }\ntd{\n    height: 80% !important;\n}\ntd:first-child{\n    width: 60%;\n}\ntd:nth-child(2){\n    width: 40%;\n    text-align: center;\n}\ntd{\n    color: #000 !important;\n    padding: 0px !important;\n}\n.print-format td, .print-format td {\n    padding: 5px !important;\n}\n.center-align {\n    text-align: center;\n}\n.left-align {\n    text-align: left;\n}\n.fixed-height {\n        height: 25px;\n    }\n.total{\n    background-color: #f4f5f6;\n}\n.head{\n    font-size: 12px !important;\n}",
 "custom_format": 1,
 "default_print_language": "en",
 "disabled": 0,
 "doc_type": "Job Offer",
 "docstatus": 0,
 "doctype": "Print Format",
 "font_size": 14,
 "html": "{% if letter_head and not no_letterhead -%}\n    {% if print_settings.repeat_header_footer %}\n        {{ letter_head }}\n    {%- endif %}\n{%- endif %}\n\n\n\n<section class=\"sectionmarginfirst\">\n    <div class='lineheight'>\n        <p align='right'><b>Date:</b> {{ frappe.utils.get_datetime(doc.offer_date).strftime('%d %B %Y') }}</p>\n        <p><b>MR. {{doc.applicant_name}}</b></p>\n      \n      \n        <p class=\"address\" style='height: 90px;'>\n            {% set job_applicant = frappe.get_doc('Job Applicant', doc.job_applicant) %}\n            {% if job_applicant.custom_current_address %}\n               {{ job_applicant.custom_current_address.replace('\\n', '<br>') | safe }}\n            {% endif %}\n        </p>\n        \n        \n        <p class=\"address\">Congratulations!!</p>\n        <p><b>Sub: <u>Offer Letter</u></b></p>\n        \n        <p class=\"content\">\n            <ol>\n                <li>\n                    This is in reference to your application and subsequent interview and discussions you had with us in our Head office on \n                    {% for row in doc.offer_terms %}\n                        {% if row.offer_term == \"Interview Date\" %}\n                            {{ row.value or '' }}\n                        {% endif %}\n                    {% endfor %}.\n                </li>\n                <li>\n                    We are pleased to offer you the position of {{ doc.designation or '' }} on the terms and conditions discussed during the above meeting.\n                </li>\n                <li>\n                    Your appointment to the above position is subject to your being found medically fit by the certified medical officer.\n                </li>\n                <li>\n                    You are requested to join us on \n                    {% for row in doc.offer_terms %}\n                        {% if row.offer_term == \"Date of Joining\" %}\n                            {{ row.value or '' }}\n                        {% endif %}\n                    {% endfor %}.\n                </li>\n                <li>\n                    Your Gross Salary Shall be \n                    {% for row in doc.offer_terms %}\n                        {% if row.offer_term == \"Gross Salary (Monthly)\" and row.value %}\n                            {{ frappe.utils.fmt_money(row.value, \"\u20b9\") }}/-\n                            ({{ frappe.utils.money_in_words(row.value) }}) Per Month.\n                        {% endif %}\n                    {% endfor %}\n\n                </li>\n                <li>\n                    Detailed appointment letter envisaging all terms and conditions shall be issued to you at the time of joining.\n                </li>\n                <li>\n                    Please bring along with the originals Adhar Card, Driving License, Voter ID, Bank Passbook (which will be returned to you after verification) & photocopy of all certificates and testimonials supporting your qualification and experience, reliving letter from your previous employer and five (5) recent colored passport size photographs at the time of joining.\n                </li>\n                <li>\n                    This Offer Letter is valid till the agreed date of joining or mutually agreed extension. In case you failed to join within the stipulated time, the Offer Letter automatically will stand canceled without any further reference to you.\n                </li>\n            </ol>\n            \n            <br>\n            We look forward to having you in our organization.<br>\n            Please sign the duplicate copy of this Offer Letter as a token of having accepted our offer.\n            <br>\n            Thanking you\n        </p>\n    </div>\n</section>\n\n<br>\n{% if letter_head and not no_letterhead -%}\n    {% if print_settings.repeat_header_footer %}\n        {{ footer }}\n    {%- endif %}\n{%- endif %}\n<br>\n\n\n{% if letter_head and not no_letterhead -%}\n    {% if print_settings.repeat_header_footer %}\n        {{ letter_head }}\n    {%- endif %}\n{%- endif %}\n\n\n<div class=\"sectiontable\">\n    <div style='flex-grow: 1;'>\n        <table border=\"1\" width=\"100%\" class='tablemargin' align='center'>\n            <tr>\n                <td colspan=\"2\" class=\"center-align\"><b>ANNEXURE</b></td>\n            </tr>\n            <tr>\n                <td style='font-size:13px'><b>Name Of The Applicant</b></td>\n                <td style='font-size:13px'>{{ doc.applicant_name or \"\" }}</td>\n            </tr>\n            <tr>\n                <td style='font-size:13px'><b>Designation</b></td>\n                <td style='font-size:13px'>{{ doc.designation or \"\" }}</td>\n            </tr>\n            <tr class=\"fixed-height\">\n                <td colspan=\"2\"></td>\n            </tr>\n            \n            {% if doc.custom_earnings %}\n                <tr class=\"head\">\n                    <td colspan=\"2\" class=\"left-align\" style='font-size:15px'><b>Earnings :</b></td>\n                </tr>\n                {% for item in doc.custom_earnings %}\n                    <tr>\n                        <td style='font-size:13px'>{{ item.component or \"\" }}</td>\n                        <td style='font-size:13px'>{{ item.get_formatted(\"amount\") or \"\" }}</td>\n                    </tr>\n                {% endfor %}\n                <tr class=\"total\">\n                    <td style='font-size:13px'><b>Gross Salary</b></td>\n                    {% set currency = frappe.db.get_value(\"Job Applicant\", doc.job_applicant, \"currency\") %}\n                    {% set symbol = frappe.db.get_value(\"Currency\", currency, \"symbol\") %}\n                    {% set total_earnings = doc.custom_earnings | sum(attribute='amount') %}\n                    <td style='font-size:13px'><b>{{ symbol }} {{ \"{:,.2f}\".format(total_earnings) }}</b></td>\n                </tr>\n            {% endif %}\n            \n            {% if doc.custom_deduction %}\n                <tr class=\"fixed-height\">\n                    <td colspan=\"2\"></td>\n                </tr>\n                <tr class=\"head\">\n                    <td colspan=\"2\" class=\"left-align\" style='font-size:15px'><b>Deductions :</b></td>\n                </tr>\n                {% for item in doc.custom_deduction %}\n                    <tr>\n                        <td style='font-size:13px'>{{ item.component or \"\" }}</td>\n                        <td style='font-size:13px'>{{ item.get_formatted(\"amount\") or \"\" }}</td>\n                    </tr>\n                {% endfor %}\n                \n                {% set total_deductions = doc.custom_deduction | sum(attribute='amount') %}\n                \n                <tr class=\"total\">\n                    <td style='font-size:13px'><b>Net Salary</b></td>\n                    {% set net_salary = total_earnings - total_deductions %}\n                    <td style='font-size:13px'><b>{{ symbol }} {{ \"{:,.2f}\".format(net_salary) }}</b></td>\n                </tr>\n            {% endif %}\n            \n            {% if doc.custom_benefits %}\n                <tr class=\"fixed-height\">\n                    <td colspan=\"2\"></td>\n                </tr>\n                <tr class=\"head\">\n                    <td colspan=\"2\" class=\"left-align\" style='font-size:15px'><b>Benefits :</b></td>\n                </tr>\n                {% for item in doc.custom_benefits %}\n                    <tr>\n                        <td style='font-size:13px'>{{ item.component or \"\" }}</td>\n                        <td style='font-size:13px'>{{ item.get_formatted(\"amount\") or \"\" }}</td>\n                    </tr>\n                {% endfor %}\n                <tr class=\"total\">\n                    {% set total_benefits = doc.custom_benefits | sum(attribute='amount') %}\n                    {% set ctc = net_salary + total_benefits + total_deductions %}\n                    \n                    <td style='font-size:13px'><b>Cost To Company (Monthly)</b></td>\n                    <td style='font-size:13px'><b>{{ symbol }} {{ \"{:,.2f}\".format(ctc) }}</b></td>\n                </tr>\n            {% endif %}\n        </table>\n    </div>\n\n<br>\n    <div style='margin-top: auto;'>\n        {% if letter_head and not no_letterhead -%}\n            {% if print_settings.repeat_header_footer %}\n                {{ footer }}\n            {%- endif %}\n        {%- endif %}\n    </div>\n</div>\n\n\n\n\n\n\n\n\n",
 "idx": 0,
 "line_breaks": 0,
 "margin_bottom": 15.0,
 "margin_left": 15.0,
 "margin_right": 15.0,
 "margin_top": 15.0,
 "modified": "2024-08-21 12:59:49.617971",
 "modified_by": "Administrator",
 "module": "Mumal HR",
 "name": "Offer Letter",
 "owner": "Administrator",
 "page_number": "Hide",
 "print_format_builder": 0,
 "print_format_builder_beta": 0,
 "print_format_type": "Jinja",
 "raw_printing": 0,
 "show_section_headings": 0,
 "standard": "Yes"
}