{
 "actions": [],
 "allow_rename": 1,
 "creation": "2024-07-25 18:02:30.596543",
 "doctype": "DocType",
 "editable_grid": 1,
 "engine": "InnoDB",
 "field_order": [
  "component",
  "amount"
 ],
 "fields": [
  {
   "fieldname": "component",
   "fieldtype": "Link",
   "in_list_view": 1,
   "label": "Component",
   "options": "Offer Salary Component"
  },
  {
   "fieldname": "amount",
   "fieldtype": "Currency",
   "in_list_view": 1,
   "label": "Amount",
   "precision": "2"
  }
 ],
 "index_web_pages_for_search": 1,
 "istable": 1,
 "links": [],
 "modified": "2024-07-25 18:02:49.112951",
 "modified_by": "Administrator",
 "module": "Mumal HR",
 "name": "Offered Salary",
 "owner": "Administrator",
 "permissions": [],
 "sort_field": "modified",
 "sort_order": "DESC",
 "states": []
}