{
 "_liked_by": "[\"Administrator\"]",
 "absolute_value": 0,
 "align_labels_right": 0,
 "creation": "2024-08-01 13:25:20.749954",
 "css": "\n.paragraph{\n    margin-left:10px;\n    margin-right:10px;\n}\n\n\n.underline {\n    border-bottom: 1px solid black;\n}\n\n\n.font {\n    font-size: 15px;\n}\n\nhr{\n    margin-top: 25px !important;\n    margin-bottom:1px !important;\n}\n\n.custom-table {\n    border-collapse: collapse; \n}\n.custom-table td {\n    padding: 5px; \n}\n.custom-table tr + tr {\n    margin-top: -5px; \n}",
 "custom_format": 1,
 "default_print_language": "en",
 "disabled": 0,
 "doc_type": "Employee",
 "docstatus": 0,
 "doctype": "Print Format",
 "font_size": 14,
 "html": "<h2 align='center' ><b>FORM NO. 30</b></h2>\n<h3 align='center' style='font-size: 15px; line-height:1.5px;'>(Prescribed under rule 100)</h3>\n\n<div class=\"text-right\">S No: {{ doc.name }}</div>\n<h3 align='center' style='font-size: 15px;'><b>Certificate of Fitness for Dangerous Operation</b></h3>\n\n\n<table class='font' >\n    <tr style='line-height:2.5px;'>\n        <td><b>Serial Number:</b> {{ doc.employee }}</td>\n        <td><b>Name of Person Examined:</b> {{ doc.employee_name }}</td>\n    </tr>\n    <tr>\n        <td><b>Father Name:</b> {{ doc.middle_name }}</td>\n        <td><b>Gender:</b> {{doc.gender}}</td>\n    </tr>\n    <tr>\n        <td><b>Address:</b><br/> {{ doc.current_address or \"\" }}</td>\n        <td><b>Name of the factory in which employed/in which wished to be employed</b><br/>{{ doc.company or ''}}</td>\n    </tr>\n    <tr>\n        <td><b>Process of department in which employed / wished to be employed</b><br/>{{ doc.department or  ''}}</td>\n        <td><b>Whether certificate granted?</b><br/></td>\n    </tr>\n    <tr>\n        <td><b>Whether declared unfit and certificate refused?</b><br/></td>\n        <td><b>Reference number of previous certificate granted or refused</b><br/></td>\n    </tr>\n</table><br><br>\n\n\n\n<section class=\"paragraph\">\n    <div>\n        I certify that I have personally examined <span class=\"underline\">{{ doc.employee_name or '' }}</span>, who is desirous of being employed in  <span class=\"underline\">{{ doc.company or '' }}</span> as <span class=\"underline\">{{ doc.designation or '' }} - {{ doc.departmnt or '' }}</span> (department & process) and as nearly as can be ascertained from examination is fit / unfit for employment at the above noted factory.<br/><br/>\n        He is fit to be employed and may be employed on some other non-hazardous operation such as <hr><br/>\n        He may be produced for further examination after a period of <hr><br/>\n        He is advised following further examination <hr><br/>\n        He is advised following treatment <hr><br>\n        The serial number of the previous certificate is <hr>\n    </div>\n</section>\n\n\n<br><br><br><br>\n\n\n<table class=\"custom-table\">\n    <tr>\n        <td style='width:30%;'><b>Left Thumb impression of person examined</b></td>\n        <td style='width:40%;'></td>\n        <td style='width:50%;'><b>Signature of certifying Surgeon</b></td>\n    </tr>\n    <tr>\n        <td colspan='3' style='padding:5px;'>\n            <b>Notes:</b><br>\n            <p>1. The counterfoil should be retained by the certifying surgeon and maintained in a file.</p>\n            <p>2. The counterfoil should be retained by the certifying surgeon and maintained in a file.</p>\n        </td>\n    </tr>\n</table>\n\n\n",
 "idx": 0,
 "line_breaks": 0,
 "margin_bottom": 15.0,
 "margin_left": 15.0,
 "margin_right": 15.0,
 "margin_top": 15.0,
 "modified": "2024-08-14 18:34:59.489625",
 "modified_by": "Administrator",
 "module": "Mumal HR",
 "name": "FORM NO. 30",
 "owner": "Administrator",
 "page_number": "Hide",
 "print_format_builder": 0,
 "print_format_builder_beta": 0,
 "print_format_type": "Jinja",
 "raw_printing": 0,
 "show_section_headings": 0,
 "standard": "Yes"
}