{
 "_liked_by": "[\"Administrator\"]",
 "absolute_value": 0,
 "align_labels_right": 0,
 "creation": "2024-08-10 15:49:28.452553",
 "css": "h2, h3{\n    text-align: center;\n    margin-top: 0px !important;\n    margin-bottom: 0px !important;\n    font-weight: normal !important;\n    padding: 4px 0px !important;\n}\nh4{\n    text-align: center !important;\n}\n.print-format{\n    padding: 30px !important;\n    font-size: 14px !important;\n    line-height: 1.5 !important;\n}\n.grid-container {\n  display: flex;\n  flex-wrap: wrap; /* Allow items to wrap to the next line */\n  padding: 20px 0px 0px 0px !important;\n  line-height: 2 !important;\n}\n.grid-container > div {\n  width: 50%;\n}\n.section{\n    padding: 10px 0px 10px 0px !important;\n}\n.sectionsecond{\n    padding: 30px 0px 10px 0px !important;\n}\n.grid-containersecond {\n  display: flex;\n  flex-wrap: wrap;\n  line-height: 2 !important;\n}\n.grid-containersecond > div {\n  width: 50%;\n}\n.fixed-height{\n    height: auto !important;\n    padding-top: 5px 0px !important;\n    line-height: 1.6 !important;\n    margin: 8px 0px 2px !important;\n}\n.fixed-heightleft{\n    padding-right: 25px !important;\n    padding-top: 2rem 0px !important;\n    line-height: 1.6 !important;\n    margin: 8px 0px 2px !important;\n}\n.text-right{\n    padding-top: 70px !important;\n}\n.pointtopoint{\n    padding:0px 30px !important;\n}\n.font{\n    font-size:17px;\n}",
 "custom_format": 1,
 "default_print_language": "en",
 "disabled": 0,
 "doc_type": "Employee",
 "docstatus": 0,
 "doctype": "Print Format",
 "font_size": 14,
 "html": "<!--Fetch Company Address-->\n{% set child_table_field_name = 'link_name' %}\n{% set target_link_name = doc.company %}\n\n{% set parent_docs = frappe.db.sql(\"\"\"\n    SELECT parent FROM `tabDynamic Link`\n    WHERE {child_table_field_name} = %s\n\"\"\".format(child_table_field_name=child_table_field_name), target_link_name, as_dict=True) %}\n\n{% set address_doc_name = parent_docs[0]['parent'] if parent_docs else None %}\n\n{% if address_doc_name -%}\n{% set current_date = frappe.utils.nowdate() %}\n{% set formatted_date = frappe.utils.formatdate(current_date, \"dd-MM-yyyy\") %}\n\n{% set address_doc = frappe.get_doc('Address', address_doc_name) %}\n{% endif %}\n\n{% if address_doc -%}\n    {% set address_line_1 = address_doc.address_line1 or '' %}\n    {% set address_line_2 = address_doc.address_line2 or '' %}\n    {% set city = address_doc.city or '' %}\n    {% set state = address_doc.state or '' %}\n    {% set country = address_doc.country or '' %}\n{% else %}\n    {% set address_line_1 = '' %}\n    {% set address_line_2 = '' %}\n    {% set city = '' %}\n    {% set state = '' %}\n    {% set country = '' %}\n{% endif %}\n\n{% set address_line_parts = [address_line_1, address_line_2, city, state, country] %}\n{% set address_line = address_line_parts | join(', ') %}\n\n\n<div class='font'>\n<h2><b>FORM NO. 1</b></h2>\n<h3>(Prescribed under rule-3)</h3>\n<h4><b><u>Application for permission to construct, extend or take into use any building as a factory</u></b></h4>\n<section class=\"section \">\n    <div class=\"grid-container\">\n        <div class=\"fixed-heightleft\"><b>Applicant\u2019s Name:</b><br/>{{ doc.employee_name or '' }}</div>\n        <div class=\"fixed-height\"><b>Applicant\u2019s Calling:</b><br/>{{ doc.cell_number or '' }}</div>\n        <div class=\"fixed-heightleft\">\n            <b>Applicant\u2019s Address:</b><br/>{{ doc.curent_address or'' }}\n        </div>\n        <div class=\"fixed-height\">\n            <b>Full name and postal address of Factory:</b><br/>{{ doc.company or '' }}<br>{{ address_line or ''}}</b>\n        </div>\n    </div>\n</section>\n\n<section class=\"section\">\n    <b>Situation of the Factory:</b> \n    <div class=\"grid-containersecond\">\n        <div class=\"fixed-heightleft\"><b>Province:</b> </div>\n        <div class=\"fixed-height\"><b>District:</b> {{ doc.city or '' }}</div>\n        <div class=\"fixed-heightleft\"><b>Town and village:</b> </div>\n        <div class=\"fixed-height\"><b>Nearest Police Station:</b> </div>\n        <div class=\"fixed-heightleft\"><b>Nearest railway Station or streamer ghat:</b><br/></div>\n        <div class=\"fixed-height\"><b>Particulars of plant to be installed:</b><br> </div>\n    </div>\n</section>\n\n\n<section class=\"sectionsecond\">\n    <div>\n        <p class=\"text-left\"><b>Date:</b> {{ formatted_date or '' }}</p><br><br><br>\n        <p class=\"text-right\"><b>Authorized Signatory</b></p>\n    </div>\n</section>\n\n<section class=\"sectionsecond\">\n    <div>\n        <p><b><u>Enclosures:</u></b></p>\n        <p>1. Flow Chart of the manufacturing process, supplemented by a brief description of the process in its various stages.</p>\n        <p>2. Plans, in duplicate, drawn to scale showing:<br/>\n            <span>\n                <p class=\"pointtopoint\">(i) the site of the factory and immediate surroundings including adjacent buildings and other structures, roads, drains etc., and</p>\n                <p class=\"pointtopoint\">(ii) the plan, elevation and necessary cross-sections of the various buildings, indicating all relevant details relating to natural lighting, ventilation and means of escape in case of fire. The plans are also clearly indicating the position of the plant and m</p>\n            </span>\n        </p>\n        <p>3. Such other particulars as the Chief Inspector may require.</p>\n    </div>\n</section>\n</div>\n<html>\n  <head>\n  </head>\n  <body>\n  </body>\n</html>\n\n\n\n\n\n",
 "idx": 0,
 "line_breaks": 0,
 "margin_bottom": 15.0,
 "margin_left": 15.0,
 "margin_right": 15.0,
 "margin_top": 15.0,
 "modified": "2024-08-14 18:41:09.110152",
 "modified_by": "Administrator",
 "module": "Mumal HR",
 "name": "FORM No. 1",
 "owner": "Administrator",
 "page_number": "Hide",
 "print_format_builder": 0,
 "print_format_builder_beta": 0,
 "print_format_type": "Jinja",
 "raw_printing": 0,
 "show_section_headings": 0,
 "standard": "Yes"
}