{
 "_liked_by": "[\"Administrator\"]",
 "absolute_value": 0,
 "align_labels_right": 0,
 "creation": "2024-08-10 15:49:28.103966",
 "css": ".text-right{\n    text-align: right;\n}\nh2{\n    text-align: center;\n    text-transform: uppercase;\n}\n.print-format{\n    font-size: 18px;\n    padding: 40px !important;\n    line-height: 1.8 !important;\n}\n.space-top{\n    padding-top: 20px;\n}\n.info{\n    padding: 40px 0px 30px 0px !important;\n}\n.info-last{\n    padding-top: 80px !important;\n}",
 "custom_format": 1,
 "default_print_language": "en",
 "disabled": 0,
 "doc_type": "Full and Final Statement",
 "docstatus": 0,
 "doctype": "Print Format",
 "font_size": 14,
 "html": "<p class=\"text-right\"><b>Date:</b> {{frappe.utils.get_datetime(doc.transaction_date ).strftime('%d-%m-%Y') or \"\" }} </p>\n<br><br>\n<h2><b><u>Receipt Of Full & Final Settlement</u></b></h2><br>\n<section>\n    <p class=\"space-top\">I <b>{{ doc.employee_name or \"\u2026\u2026\u2026\u2026\u2026\u2026\u2026\u2026\u2026\" }}</b>.received sum of Rs. <b>{{ doc.custom_net_payable_amount or '' }} ({{ frappe.utils.money_in_words(doc.custom_net_payable_amount) or '' }})</b> from the management in full & final settlement  to my satisfaction of all of my dues  claims toward  gratuity , earned wages, leave wages, bonus and notice pay or any other claim in connection with my employment with the management. Hereafter I have no claim, demand even any claim for reinstatement, re-employment.</p>\n    <P class=\"space-top\">I will not raise any dispute whatsoever against the management of Advantis Quartz LLP  & associated company.  </P>\n</section>\n<P class=\"info\"><b>Name :</b> {{ doc.employee_name or \"-\" }} <br/><b>Emp. Code :</b> {{ doc.employee or \"-\" }} <br/><b>Department :</b>{% if doc.employee %}\n        {% set employee_doc = frappe.get_doc(\"Employee\", doc.employee) %}\n        {{ employee_doc.department or \"-\" }}\n    {% else %}\n        -\n    {% endif %}</P>\n\n<p class=\"info-last\"><b>Signature</b></p>",
 "idx": 0,
 "line_breaks": 0,
 "margin_bottom": 15.0,
 "margin_left": 15.0,
 "margin_right": 15.0,
 "margin_top": 15.0,
 "modified": "2024-08-13 18:34:19.385124",
 "modified_by": "Administrator",
 "module": "Mumal HR",
 "name": "Receipt Of Full & Final Settlement",
 "owner": "Administrator",
 "page_number": "Hide",
 "print_format_builder": 0,
 "print_format_builder_beta": 0,
 "print_format_type": "Jinja",
 "raw_printing": 0,
 "show_section_headings": 0,
 "standard": "Yes"
}